-- MySQL dump 10.13  Distrib 5.6.37, for Linux (x86_64)
--
-- Host: localhost    Database: kefu_liyunwangl
-- ------------------------------------------------------
-- Server version	5.6.37-log

/*!40101 SET @OLD_CHARACTER_SET_CLIENT=@@CHARACTER_SET_CLIENT */;
/*!40101 SET @OLD_CHARACTER_SET_RESULTS=@@CHARACTER_SET_RESULTS */;
/*!40101 SET @OLD_COLLATION_CONNECTION=@@COLLATION_CONNECTION */;
/*!40101 SET NAMES utf8 */;
/*!40103 SET @OLD_TIME_ZONE=@@TIME_ZONE */;
/*!40103 SET TIME_ZONE='+00:00' */;
/*!40014 SET @OLD_UNIQUE_CHECKS=@@UNIQUE_CHECKS, UNIQUE_CHECKS=0 */;
/*!40014 SET @OLD_FOREIGN_KEY_CHECKS=@@FOREIGN_KEY_CHECKS, FOREIGN_KEY_CHECKS=0 */;
/*!40101 SET @OLD_SQL_MODE=@@SQL_MODE, SQL_MODE='NO_AUTO_VALUE_ON_ZERO' */;
/*!40111 SET @OLD_SQL_NOTES=@@SQL_NOTES, SQL_NOTES=0 */;

--
-- Table structure for table `wolive_admin`
--

DROP TABLE IF EXISTS `wolive_admin`;
/*!40101 SET @saved_cs_client     = @@character_set_client */;
/*!40101 SET character_set_client = utf8 */;
CREATE TABLE `wolive_admin` (
  `id` int(11) NOT NULL AUTO_INCREMENT,
  `username` varchar(255) NOT NULL,
  `password` varchar(255) NOT NULL,
  `addtime` int(11) NOT NULL DEFAULT '0',
  `is_delete` smallint(6) NOT NULL DEFAULT '0',
  `app_max_count` int(11) NOT NULL DEFAULT '0',
  `permission` longtext,
  `remark` varchar(255) NOT NULL DEFAULT '',
  `expire_time` int(11) NOT NULL DEFAULT '0' COMMENT '账户有效期至，0表示永久',
  `mobile` varchar(255) NOT NULL DEFAULT '' COMMENT '手机号',
  PRIMARY KEY (`id`) USING BTREE
) ENGINE=InnoDB AUTO_INCREMENT=2 DEFAULT CHARSET=utf8;
/*!40101 SET character_set_client = @saved_cs_client */;

--
-- Dumping data for table `wolive_admin`
--

LOCK TABLES `wolive_admin` WRITE;
/*!40000 ALTER TABLE `wolive_admin` DISABLE KEYS */;
INSERT INTO `wolive_admin` VALUES (1,'1971167379','49acfe203ee033881a619e7a8c375a69',0,0,0,NULL,'',0,'');
/*!40000 ALTER TABLE `wolive_admin` ENABLE KEYS */;
UNLOCK TABLES;

--
-- Table structure for table `wolive_admin_token`
--

DROP TABLE IF EXISTS `wolive_admin_token`;
/*!40101 SET @saved_cs_client     = @@character_set_client */;
/*!40101 SET character_set_client = utf8 */;
CREATE TABLE `wolive_admin_token` (
  `token` varchar(50) NOT NULL COMMENT 'Token',
  `user_id` int(11) unsigned NOT NULL DEFAULT '0',
  `createtime` int(11) unsigned NOT NULL DEFAULT '0' COMMENT '创建时间',
  `expiretime` int(11) unsigned NOT NULL DEFAULT '0' COMMENT '过期时间',
  PRIMARY KEY (`token`)
) ENGINE=InnoDB DEFAULT CHARSET=utf8 ROW_FORMAT=COMPACT COMMENT='Token表';
/*!40101 SET character_set_client = @saved_cs_client */;

--
-- Dumping data for table `wolive_admin_token`
--

LOCK TABLES `wolive_admin_token` WRITE;
/*!40000 ALTER TABLE `wolive_admin_token` DISABLE KEYS */;
INSERT INTO `wolive_admin_token` VALUES ('1f273308e7c684c4b2fcf2b067f047176a713eb3',1,1587978043,1588582843),('2b0646a15a0181d34d72399a6f9a809e7474d3ec',1,1578217407,1578822207),('510b5d6126e695a9446b2499a5cc339467cf7add',1,1589436932,1590041732),('956d5515539e1031619f07bc24ea48322d4ec919',1,1578923353,1579528153),('9d8b3433ab7156b63d09332ff2f489e6d48823a8',1,1582804993,1583409793),('a1e746a7038f797f3462139411c0d55546c357df',1,1578302949,1578907749),('aa987e47d3fb6f285990dc63f4f56502830b8bed',1,1588834829,1589439629),('c32c66caf2ef264343c5cfd90052cd76abcccbf1',1,1589192469,1589797269),('efde3c48aa839ffce6f8b3a8988344589d3f2c95',1,1578824360,1579429160),('f150f4b80f7cae0eb45eed152a8a40211bae3434',1,1589456940,1590061740),('f4d37ce18746dbfbe2f212307fc2a5369c235317',1,1589457944,1590062744);
/*!40000 ALTER TABLE `wolive_admin_token` ENABLE KEYS */;
UNLOCK TABLES;

--
-- Table structure for table `wolive_business`
--

DROP TABLE IF EXISTS `wolive_business`;
/*!40101 SET @saved_cs_client     = @@character_set_client */;
/*!40101 SET character_set_client = utf8 */;
CREATE TABLE `wolive_business` (
  `id` int(11) NOT NULL AUTO_INCREMENT,
  `business_name` varchar(100) NOT NULL COMMENT '商家标识符',
  `logo` varchar(255) NOT NULL DEFAULT '',
  `copyright` varchar(255) NOT NULL DEFAULT '' COMMENT '底部版权信息',
  `admin_id` int(11) NOT NULL DEFAULT '0',
  `video_state` enum('close','open') NOT NULL DEFAULT 'close' COMMENT '是否开启视频',
  `voice_state` enum('close','open') NOT NULL DEFAULT 'open' COMMENT '是否开启提示音',
  `audio_state` enum('close','open') NOT NULL DEFAULT 'close' COMMENT '是否开启音频',
  `template_state` enum('close','open') NOT NULL DEFAULT 'close' COMMENT '是否开启模板消息',
  `distribution_rule` enum('auto','claim') DEFAULT 'auto' COMMENT 'claim:认领，auto:自动分配',
  `voice_address` varchar(255) NOT NULL DEFAULT '/upload/voice/default.mp3' COMMENT '提示音文件地址',
  `remark` varchar(255) NOT NULL DEFAULT '',
  `expire_time` int(11) NOT NULL DEFAULT '0',
  `max_count` int(11) NOT NULL DEFAULT '0',
  `push_url` varchar(255) NOT NULL DEFAULT '' COMMENT '推送url',
  `state` enum('close','open') NOT NULL DEFAULT 'open' COMMENT '''open'': 打开该商户 ，‘close’：禁止该商户',
  `is_recycle` tinyint(2) NOT NULL DEFAULT '0',
  `is_delete` tinyint(2) NOT NULL DEFAULT '0',
  PRIMARY KEY (`id`),
  KEY `bussiness` (`business_name`) USING BTREE
) ENGINE=InnoDB AUTO_INCREMENT=7 DEFAULT CHARSET=utf8;
/*!40101 SET character_set_client = @saved_cs_client */;

--
-- Dumping data for table `wolive_business`
--

LOCK TABLES `wolive_business` WRITE;
/*!40000 ALTER TABLE `wolive_business` DISABLE KEYS */;
INSERT INTO `wolive_business` VALUES (1,'演示样本','','利云在线 kefu.liyunwangluo.com',1,'close','open','close','open','auto','/upload/voice/default.mp3','',0,1,'','open',0,0),(2,'新濠互娱-利云在线客服系统','','利云网络工作室',1,'close','open','close','close','auto','/upload/voice/default.mp3','',0,1,'','open',0,0),(3,'京澳娱乐-利云在线客服系统','','利云网络工作室',1,'close','open','close','close','auto','/upload/voice/default.mp3','',0,1,'','open',0,0),(4,'万达娱乐-利云在线客服系统','','利云网络工作室',1,'close','open','close','close','auto','/upload/voice/default.mp3','',0,1,'','open',0,0),(5,'创信-利云在线客服系统','','利云网络工作室',1,'close','open','close','close','auto','/upload/voice/default.mp3','',0,1,'','open',0,0),(6,'在线客服','','利云网络工作室',1,'close','open','close','close','auto','/upload/voice/default.mp3','',1591545599,1,'','open',0,0);
/*!40000 ALTER TABLE `wolive_business` ENABLE KEYS */;
UNLOCK TABLES;

--
-- Table structure for table `wolive_chats`
--

DROP TABLE IF EXISTS `wolive_chats`;
/*!40101 SET @saved_cs_client     = @@character_set_client */;
/*!40101 SET character_set_client = utf8 */;
CREATE TABLE `wolive_chats` (
  `cid` int(11) NOT NULL AUTO_INCREMENT,
  `visiter_id` varchar(200) NOT NULL COMMENT '访客id',
  `service_id` int(11) NOT NULL COMMENT '客服id',
  `business_id` int(11) NOT NULL DEFAULT '0' COMMENT '商家id',
  `content` mediumtext NOT NULL COMMENT '内容',
  `timestamp` int(11) NOT NULL,
  `state` enum('readed','unread') NOT NULL DEFAULT 'unread' COMMENT 'unread 未读；readed 已读',
  `direction` enum('to_visiter','to_service') DEFAULT NULL,
  PRIMARY KEY (`cid`)
) ENGINE=MyISAM AUTO_INCREMENT=339 DEFAULT CHARSET=utf8;
/*!40101 SET character_set_client = @saved_cs_client */;

--
-- Dumping data for table `wolive_chats`
--

LOCK TABLES `wolive_chats` WRITE;
/*!40000 ALTER TABLE `wolive_chats` DISABLE KEYS */;
INSERT INTO `wolive_chats` VALUES (1,'5e11783b',1,1,'。。。',1578203260,'readed','to_service'),(2,'5e11783b',1,1,'。。。',1578203290,'readed','to_service'),(3,'5e11783b',1,1,'。。。',1578203321,'readed','to_service'),(4,'5e11783b',1,1,'....\n',1578203321,'readed','to_visiter'),(5,'5e11783b',1,1,'0',1578203392,'readed','to_visiter'),(6,'5e11791c',1,1,'<img src=\"/upload/emoji/emo_12.gif\"> ',1578203466,'readed','to_service'),(7,'5e11791c',1,1,'...\n',1578203483,'readed','to_visiter'),(8,'5e11791c',1,1,'。。。',1578203591,'readed','to_service'),(9,'5e11836d',1,1,'000\n',1578206116,'readed','to_service'),(10,'5e11836d',1,1,'1010',1578206146,'readed','to_service'),(11,'5e11836d',1,1,'000000',1578206198,'readed','to_service'),(12,'5e11836d',1,1,'0',1578206505,'readed','to_service'),(13,'5e11836d',1,1,'000',1578206527,'readed','to_visiter'),(14,'5e11836d',1,1,'0',1578206667,'readed','to_visiter'),(15,'5e11836d',1,1,'0',1578206671,'readed','to_service'),(16,'5e11836d',1,1,'0',1578206674,'readed','to_service'),(17,'5e11836d',1,1,'111',1578206676,'readed','to_visiter'),(18,'5e11836d',1,1,' <img src=\"/upload/emoji/emo_58.gif\"/>',1578206730,'readed','to_visiter'),(19,'5e11836d',1,1,'<img src=\"/upload/emoji/emo_37.gif\"> ',1578206736,'readed','to_service'),(20,'5e11783b',1,1,'。。。',1578206747,'readed','to_service'),(21,'5e11783b',1,1,' <img src=\"/upload/emoji/emo_60.gif\"/>',1578206778,'readed','to_visiter'),(22,'5e11783b',1,1,'干的',1578206782,'readed','to_service'),(23,'5e11836d',1,1,'000',1578208395,'readed','to_service'),(24,'5e11836d',1,1,'0\n\n',1578211381,'readed','to_service'),(25,'5e11783b',1,1,'。。。',1578219784,'readed','to_service'),(26,'5e11b921',1,1,'0\n',1578219813,'readed','to_service'),(27,'5e11b921',1,1,'\n...',1578219824,'readed','to_service'),(28,'5e11b921',1,1,'<img src=\"/upload/emoji/emo_40.gif\"> ',1578219832,'readed','to_service'),(29,'5e11b921',1,1,'。。。。',1578219843,'readed','to_visiter'),(30,'5e11b921',1,1,'.\n',1578219848,'readed','to_service'),(31,'5e11b921',1,1,'<img style=\"height:100px\" src=\"/upload/images/1/1578219878.jpeg\" onclick=\"getbig(this)\" >',1578219879,'readed','to_visiter'),(32,'5e11b921',1,1,'0\n',1578220362,'readed','to_service'),(33,'5e12fe7a',1,1,'你好',1578303104,'readed','to_service'),(34,'5e12fe7a',1,1,'<img src=\"/upload/emoji/emo_21.gif\"> ',1578303116,'readed','to_service'),(35,'5e12fe98',1,1,'你好',1578303208,'readed','to_service'),(36,'5e12ff49',1,1,'1',1578307960,'readed','to_service'),(37,'5e1af35d',2,2,'。。',1578824555,'readed','to_service'),(38,'5e1af35d',2,2,'测试',1578824561,'readed','to_visiter'),(39,'5e1af35d',2,2,'。。。',1578824640,'readed','to_service'),(40,'5e1af35d',2,2,'。。。',1578824696,'readed','to_service'),(41,'5e1b3c18',2,2,'111',1578843168,'readed','to_service'),(42,'5e1b41a7',3,3,'<img src=\"/upload/emoji/emo_16.gif\"> ',1578844605,'readed','to_service'),(43,'5e1dafc4',2,2,'怎么充值',1579003852,'readed','to_service'),(44,'5e22d920',2,2,'你好。',1579342379,'readed','to_service'),(45,'5e280fcc',2,2,'游戏说明讲解一下',1579683808,'readed','to_service'),(46,'5e2811c3',2,2,'充值两个100怎么到账100',1579685199,'readed','to_service'),(47,'5e57d0c9',5,5,'你好',1582814181,'readed','to_service'),(48,'5e57d0c9',5,5,'有人嘛',1582814199,'readed','to_service'),(49,'5e57e08f',5,5,'在吗',1582817428,'readed','to_service'),(50,'5e57fa63',5,5,'你好',1582826362,'readed','to_service'),(51,'5e590077',5,5,'你好',1582891145,'readed','to_service'),(52,'5e59197a',5,5,'<img onclick=\"getbig(this)\" src=\"/upload/images/5/1582897541.png\" />',1582897541,'readed','to_service'),(53,'5e59197a',5,5,'哈喽',1582897549,'readed','to_visiter'),(54,'5e59197a',5,5,'你好呀  沙',1582897574,'readed','to_service'),(55,'5e59197a',5,5,' <img src=\"/upload/emoji/emo_01.gif\"/>',1582897585,'unread','to_visiter'),(56,'5e594b82',5,5,'你好',1582910342,'readed','to_service'),(57,'5e594b82',5,5,'充值未到账',1582910347,'readed','to_service'),(58,'5e59797c',5,5,'艹尼麻',1582922116,'readed','to_service'),(59,'5e59797c',5,5,'整个一杀猪',1582922130,'readed','to_service'),(60,'5e5a4279',5,5,'<div><a href=\'/upload/files/5/1582975342.png\' style=\'display: inline-block;text-align: center;min-width: 70px;text-decoration: none;\' download=\'40e4478ac2b6cbec.png\'><i class=\'layui-icon\' style=\'font-size: 60px;\'>&#xe61e;</i><br>40e4478ac2b6cbec.png</a></div>',1582975342,'readed','to_service'),(61,'5e5be261',5,5,'怎么更改昵称',1583080447,'readed','to_service'),(62,'5e5be654',5,5,'在吗',1583081083,'readed','to_service'),(63,'5e5be654',5,5,'人呢',1583082144,'readed','to_service'),(64,'5e5be654',5,5,'充值不到账？',1583082153,'readed','to_service'),(65,'5e5be654',5,5,'？？？？死人阿',1583082217,'readed','to_service'),(66,'5e5be261',5,5,'昵称都是第一次设置的',1583082860,'readed','to_visiter'),(67,'5e5be654',5,5,'在了',1583082881,'readed','to_visiter'),(68,'5e5be654',5,5,'微信吗还是支付宝',1583082890,'readed','to_visiter'),(69,'5e5be654',5,5,'你把账号给我 我后台给你充',1583083248,'readed','to_visiter'),(70,'5e5bef7f',5,5,'充20',1583083400,'readed','to_service'),(71,'5e5bef7f',5,5,'已经充了吗',1583083498,'readed','to_visiter'),(72,'5e5bef7f',5,5,'对',1583083559,'readed','to_service'),(73,'5e5bef7f',5,5,'首充有赠送吗',1583083575,'readed','to_service'),(74,'5e5bef7f',5,5,'首充都有的啊',1583083603,'readed','to_visiter'),(75,'5e5bef7f',5,5,'没到账啊',1583083613,'readed','to_service'),(76,'5e5bef7f',5,5,'微信充值的吗',1583083628,'readed','to_visiter'),(77,'5e5bef7f',5,5,'<img onclick=\"getbig(this)\" src=\"/upload/images/5/1583083636.png\" />',1583083636,'readed','to_service'),(78,'5e5bef7f',5,5,'对',1583083643,'readed','to_service'),(79,'5e5bef7f',5,5,'你把账号给我，我来后台充',1583083663,'readed','to_visiter'),(80,'5e5bef7f',5,5,'好',1583083670,'readed','to_service'),(81,'5e5bef7f',5,5,'20赠送多少',1583083686,'readed','to_service'),(82,'5e5bef7f',5,5,'到账20',1583083718,'readed','to_service'),(83,'5e5bef7f',5,5,'没赠送',1583083726,'readed','to_service'),(84,'5e5bef7f',5,5,'我后台给你补',1583083745,'readed','to_visiter'),(85,'5e5bef7f',5,5,'你把账号给我',1583083760,'readed','to_visiter'),(86,'5e5bef7f',5,5,'<img onclick=\"getbig(this)\" src=\"/upload/images/5/1583083769.png\" />',1583083769,'readed','to_service'),(87,'5e5bef7f',5,5,'截图你了',1583083783,'readed','to_service'),(88,'5e5bef7f',5,5,'可以了',1583083869,'readed','to_visiter'),(89,'5e5bef7f',5,5,'本来是20赠送10的',1583083881,'readed','to_visiter'),(90,'5e5bef7f',5,5,'嗯',1583083889,'readed','to_service'),(91,'5e5c0036',5,5,'怎么充值不到账呀？',1583180269,'readed','to_service'),(92,'5e5c0036',5,5,'<img onclick=\"getbig(this)\" src=\"/upload/images/5/1583180395.png\" />',1583180395,'readed','to_service'),(93,'5e5c0036',5,5,'？',1583180415,'readed','to_service'),(94,'5e5d6eae',5,5,'你好，我下级反应充值不到账额，如果老是出现这样的问题，我们怎么推广嘛',1583181539,'readed','to_service'),(95,'5e5d6eae',5,5,'不好意思啊，我们微信支付接口有点不稳定',1583188530,'readed','to_visiter'),(96,'5e5d6eae',5,5,'你让他把截图给我，我后台补上去',1583188566,'readed','to_visiter'),(97,'5e5c0036',5,5,'充值没到账吗',1583188715,'readed','to_visiter'),(98,'5e5c0036',5,5,'我查了一下后台，已经到账了的余额24.78',1583189022,'unread','to_visiter'),(99,'5e5d6eae',5,5,'我查了一下后台，他的已经到账了的，余额24.78',1583189053,'unread','to_visiter'),(100,'5e5f6d49',5,5,'你好',1583312275,'readed','to_service'),(101,'5e5f6d49',5,5,'微信充值不了',1583312293,'readed','to_service'),(102,'5e5f7cdc',5,5,'你好',1583316202,'readed','to_service'),(103,'5e5f7cdc',5,5,'这个怎么玩呢',1583316243,'readed','to_service'),(104,'5e5f6d49',5,5,'微信应该没问题啊',1583333567,'unread','to_visiter'),(105,'5e5f7cdc',5,5,'里面都有游戏规则的游戏亲',1583333585,'unread','to_visiter'),(106,'5e6082d4',5,5,'新用户送10金币？',1583383363,'readed','to_service'),(107,'5e6082d4',5,5,'我怎么只有3个',1583383375,'readed','to_service'),(108,'5e6082d4',5,5,'？？？',1583383419,'readed','to_service'),(109,'5e6082d4',5,5,'送10金币是限时的',1583396874,'readed','to_visiter'),(110,'5e622217',5,5,'提现需要多久到账',1583494104,'readed','to_service'),(111,'5e622217',5,5,'请问提现需要多久到账？',1583494144,'readed','to_service'),(112,'5e63b071',5,5,'代理抽成',1583591670,'readed','to_service'),(113,'5e63b071',5,5,'双向10个点',1583592093,'readed','to_visiter'),(114,'5e63b071',5,5,'等于他赢一把你拿5个点，他输一把你也拿5个点',1583592132,'readed','to_visiter'),(115,'5e63b071',5,5,'二级6个',1583592148,'readed','to_visiter'),(116,'5e63b071',5,5,'三级2个',1583592157,'readed','to_visiter'),(117,'5e64020d',5,5,'微信充值不了',1583612624,'readed','to_service'),(118,'5e64020d',5,5,'充值了没有金币呢',1583613764,'readed','to_service'),(119,'5e64020d',5,5,'有人不',1583613829,'readed','to_service'),(120,'5e64020d',5,5,'在不',1583614248,'readed','to_service'),(121,'5e640b11',5,5,'充值了怎么没有',1583614749,'readed','to_service'),(122,'5e64020d',5,5,'有人吗',1583627205,'readed','to_service'),(123,'5e640b11',5,5,'截图我看下，我后台加',1583662454,'readed','to_visiter'),(124,'5e64020d',5,5,'截图我看下，我后台加',1583662477,'readed','to_visiter'),(125,'5e64c858',5,5,'你好',1583663211,'readed','to_service'),(126,'5e64c858',5,5,'你好',1583663224,'readed','to_service'),(127,'5e640b11',5,5,'核实过  已经加上去了   不好意思啊\n',1583664258,'readed','to_visiter'),(128,'5e64020d',5,5,'核实过  已经加上去了   不好意思啊',1583664265,'readed','to_visiter'),(129,'5ea6a025',1,1,'<img src=\"/upload/emoji/emo_14.gif\"> ',1587978426,'readed','to_service'),(130,'5ea6a10b',1,1,'<img src=\"/upload/emoji/emo_57.gif\"> ',1587978527,'readed','to_service'),(131,'5ea6efa0',1,1,'你好',1587998631,'readed','to_service'),(132,'5ea6efa0',1,1,'ZSUSU ',1587998727,'readed','to_service'),(133,'5ea974f9',1,1,'1',1588163837,'readed','to_service'),(134,'5ea974f9',1,1,'1',1588163895,'readed','to_visiter'),(135,'5ea974f9',1,1,'<img onclick=\"getbig(this)\" src=\"/upload/images/1/1588163902.jpg\" />',1588163902,'readed','to_service'),(136,'5ea974f9',1,1,'1',1588163908,'readed','to_visiter'),(137,'5ea974f9',1,1,'2',1588163922,'readed','to_visiter'),(138,'5ea974f9',1,1,'1',1588164133,'readed','to_visiter'),(139,'5ea974f9',1,1,'1',1588164148,'readed','to_service'),(140,'5ea974f9',1,1,'1',1588164152,'readed','to_visiter'),(141,'5eab3e4f',1,1,'地方和电话的发挥',1588280930,'readed','to_service'),(142,'5eab3e4f',1,1,'21362303\n',1588280979,'unread','to_visiter'),(143,'5eaf76af',1,1,'<img src=\"/upload/emoji/emo_14.gif\"> ',1588557514,'readed','to_service'),(144,'5eb0cedd',1,1,'<img onclick=\"getbig(this)\" src=\"/upload/images/1/1588645615.png\" />',1588645615,'readed','to_service'),(145,'5eb13d5f',1,1,'<img src=\"/upload/emoji/emo_31.gif\"> ',1588673900,'readed','to_service'),(146,'5eb14715',1,1,'在不在',1588676378,'readed','to_service'),(147,'5eb14715',1,1,'在',1588676415,'readed','to_service'),(148,'5eb14715',1,1,'我休息',1588676438,'readed','to_service'),(149,'5eb14715',1,1,'不在吗',1588676439,'readed','to_service'),(150,'5eb16322',1,1,'你好',1588683575,'readed','to_service'),(151,'5eb16322',1,1,'有什么可以帮助您的？\n',1588683585,'readed','to_service'),(152,'5eb16322',1,1,'nihao \n',1588683626,'readed','to_service'),(153,'5eb16322',1,1,'www',1588683661,'readed','to_service'),(154,'5eb16322',1,1,'www',1588683675,'readed','to_service'),(155,'5eb16322',1,1,'000',1588683757,'readed','to_service'),(156,'5eb16322',1,1,'0',1588683821,'readed','to_service'),(157,'5eb16322',1,1,'000',1588683824,'readed','to_service'),(158,'5eb16322',1,1,'0',1588683846,'readed','to_service'),(159,'5eb16322',1,1,'0',1588683875,'unread','to_visiter'),(160,'5eb16322',1,1,'2',1588683894,'unread','to_visiter'),(161,'5eb294e9',1,1,'，',1588761841,'readed','to_service'),(162,'5eb3b421',6,6,'111100000',1588835368,'readed','to_service'),(163,'5eb3b421',6,6,'00000',1588835380,'readed','to_service'),(164,'5eb3b421',6,6,'111',1588835390,'readed','to_visiter'),(165,'5eb3b421',6,6,'11111',1588835399,'readed','to_service'),(166,'5eb3b683',6,6,'000',1588835976,'readed','to_service'),(167,'5eb3b683',6,6,'11',1588835985,'readed','to_visiter'),(168,'5eb3b683',6,6,'0',1588835994,'readed','to_service'),(169,'5eb3b683',6,6,'0',1588836437,'readed','to_service'),(170,'5eb3b683',6,6,'0',1588836446,'readed','to_visiter'),(171,'5eb3b683',6,6,'0000',1588836452,'readed','to_service'),(172,'5eb3b873',6,6,'100101010',1588836472,'readed','to_service'),(173,'5eb3b8c4',6,6,'在吗',1588838314,'readed','to_service'),(174,'5eb3b8c4',6,6,'有什么能够帮到您的？\n',1588838335,'readed','to_visiter'),(175,'5eb3d329',1,1,'<img src=\"/upload/emoji/emo_07.gif\"> ',1588843365,'readed','to_service'),(176,'5eb3d329',1,1,'撒',1588843393,'readed','to_visiter'),(177,'5eb3d329',1,1,'<img src=\"/upload/emoji/emo_26.gif\"> ',1588843403,'readed','to_service'),(178,'5eb3d329',1,1,'？？？',1588843524,'readed','to_service'),(179,'5eb3d413',1,1,'0',1588843545,'readed','to_service'),(180,'5eb3d413',1,1,'00',1588843557,'readed','to_service'),(181,'5eb3d5a5',1,1,'2',1588843944,'readed','to_service'),(182,'5eb3d5a5',1,1,'<img src=\"/upload/emoji/emo_37.gif\"> ',1588844002,'readed','to_service'),(183,'5eb5125a',6,6,'您好，闲鱼网在线人工客服133号为您服务，请问有什么可以帮助您?请直接输入需要咨询的问题。(注:请您不要关闭\n\n会话窗口避免服务中断无法受理)',1588925029,'readed','to_visiter'),(184,'5eb5125a',6,6,'为什么别人付款不了',1588925035,'readed','to_service'),(185,'5eb5125a',6,6,'说没有开通消费者保障权益',1588925063,'readed','to_service'),(186,'5eb5125a',6,6,'？',1588925073,'readed','to_service'),(187,'5eb5125a',6,6,'您好，请您提供您的闲鱼脆称或淘宝会员名，我们这边为您查询!',1588925135,'readed','to_visiter'),(188,'5eb5140c',6,6,'您好，闲鱼网在线人工客服133号为您服务，请问有什么可以帮助您?请直接输入需要咨询的问题。(注:请您不要关闭\n\n会话窗口避免服务中断无法受理)',1588925479,'readed','to_visiter'),(189,'5eb5140c',6,6,'你好',1588925479,'readed','to_service'),(190,'5eb5140c',6,6,'您好，正在为您查询!请您保持客服会话，请您不要关闭退出会话，如您不小心关闭，可以重新扫描进入。',1588925610,'readed','to_visiter'),(191,'5eb52a26',6,6,'你好',1588931116,'readed','to_service'),(192,'5eb52a4d',6,6,'？？？',1588931153,'readed','to_service'),(193,'5eb52a4d',6,6,'消费者保障服务是啥',1588931171,'readed','to_service'),(194,'5eb52a5b',6,6,'你好',1588931174,'readed','to_service'),(195,'5eb52a4d',6,6,'还有，你这页面也太简陋了',1588931188,'readed','to_service'),(196,'5eb52a5b',6,6,'？？？',1588931229,'readed','to_service'),(197,'5eb52e15',6,6,'你好',1588932122,'readed','to_service'),(198,'5eb52e15',6,6,'在吗',1588932125,'readed','to_service'),(199,'5eb52e15',6,6,'您好，闲鱼网在线人工客服133号为您服务，请问有什么可以帮助您?请直接输入需要咨询的问题。(注:请您不要关闭\n\n会话窗口避免服务中断无法受理)',1588932135,'readed','to_visiter'),(200,'5eb52e15',6,6,'我是闲鱼那个卖电脑的',1588932147,'readed','to_service'),(201,'5eb52e15',6,6,'协议怎么签',1588932158,'readed','to_service'),(202,'5eb52e15',6,6,'您好，请您提供您的闲鱼脆称或淘宝会员名，我们这边为您查询!',1588932165,'readed','to_visiter'),(203,'5eb52e15',6,6,'就是没签协议',1588932181,'readed','to_service'),(204,'5eb52e15',6,6,'要人工',1588932192,'readed','to_service'),(205,'5eb52e15',6,6,'人工客服',1588932194,'readed','to_service'),(206,'5eb52e15',6,6,'\n您好，请您提供您的闲鱼脆称或淘宝会员名，我们这边为您查询!',1588932223,'readed','to_visiter'),(207,'5eb52e15',6,6,'有人工客服吗？',1588932265,'readed','to_service'),(208,'5eb52e15',6,6,'人工',1588932268,'readed','to_service'),(209,'5eb52e15',6,6,'您好，闲鱼网在线人工客服133号为您服务，请问有什么可以帮助您?请直接输入需要咨询的问题。(注:请您不要关闭\n\n会话窗口避免服务中断无法受理)',1588932282,'readed','to_visiter'),(210,'5eb52a5b',6,6,'您好，闲鱼网在线人工客服133号为您服务，请问有什么可以帮助您?请直接输入需要咨询的问题。(注:请您不要关闭\n\n会话窗口避免服务中断无法受理)',1588932291,'readed','to_visiter'),(211,'5eb52e15',6,6,'如何签协议',1588932297,'readed','to_service'),(212,'5eb52e15',6,6,'您好，请您提供您的闲鱼脆称或淘宝会员名，我们这边为您查询!',1588932323,'readed','to_visiter'),(213,'5eb52e15',6,6,'怎么看',1588932335,'readed','to_service'),(214,'5eb52e15',6,6,'您好，请您提供您的闲鱼脆\n称或淘宝会员名，我们这边为您查询!',1588932346,'readed','to_visiter'),(215,'5eb52e15',6,6,'怎么看淘宝会员名',1588932348,'readed','to_service'),(216,'5eb52e15',6,6,'我的淘宝会员名',1588932400,'readed','to_visiter'),(217,'5eb52e15',6,6,'我没设置',1588932411,'readed','to_service'),(218,'5eb52e15',6,6,'没有',1588932414,'readed','to_service'),(219,'5eb52e15',6,6,'手机号也行',1588932423,'readed','to_visiter'),(220,'5eb52e15',6,6,'要我手机号吗？',1588932433,'readed','to_service'),(221,'5eb52e15',6,6,'是的',1588932444,'readed','to_visiter'),(222,'5eb52e15',6,6,'我手机停机了',1588932455,'readed','to_service'),(223,'5eb52e15',6,6,'我问你如何签协议',1588932464,'readed','to_service'),(224,'5eb52e15',6,6,'停机也可以查',1588932468,'readed','to_visiter'),(225,'5eb52e15',6,6,'签协议怎么搞',1588932487,'readed','to_service'),(226,'5eb52e15',6,6,'您好，请您提供您的闲鱼脆称或淘宝会员名，我们这边为您查询!',1588932509,'readed','to_visiter'),(227,'5eb52e15',6,6,'请问你是人工客服吗？',1588932537,'readed','to_service'),(228,'5eb52e15',6,6,'您好，请您提供您的闲鱼脆称或淘宝会员名，我们这边为您查询!',1588932544,'readed','to_visiter'),(229,'5eb52e15',6,6,'在吗？',1588932563,'readed','to_service'),(230,'5eb52e15',6,6,'?',1588932641,'readed','to_service'),(231,'5eb52e15',6,6,'您好，请您提供您的闲鱼脆称或淘宝会员名，我们这边为您查询!',1588932654,'readed','to_visiter'),(232,'5eb52e15',6,6,'找人工服务',1588932664,'readed','to_service'),(233,'5eb52e15',6,6,'有人工吗？',1588932680,'readed','to_service'),(234,'5eb52e15',6,6,'您好，请您提供您的闲鱼脆称或淘宝会员名，我们这边为您查询!',1588932687,'readed','to_visiter'),(235,'5eb52e15',6,6,'<img src=\"/upload/emoji/emo_18.gif\"> ',1588932706,'readed','to_service'),(236,'5eb52e15',6,6,'要什么?',1588932718,'readed','to_service'),(237,'5eb52e15',6,6,'查询什么',1588932725,'readed','to_service'),(238,'5eb52e15',6,6,'您好，闲鱼网在线人工客服133号为您服务，请问有什么可以帮助您?请直接输入需要咨询的问题。(注:请您不要关闭\n\n会话窗口避免服务中断无法受理)',1588932735,'readed','to_visiter'),(239,'5eb52e15',6,6,'请问怎么签到协议',1588932746,'readed','to_service'),(240,'5eb52e15',6,6,'买家说我卖不出去东西',1588932758,'readed','to_service'),(241,'5eb52e15',6,6,'您好，请您提供您的闲鱼脆称或淘宝会员名，我们这边为您查询!',1588932758,'readed','to_visiter'),(242,'5eb52e15',6,6,'怎么提供',1588932769,'readed','to_service'),(243,'5eb52e15',6,6,'咸鱼名称',1588932793,'readed','to_visiter'),(244,'5eb52e15',6,6,'请问你是咸鱼客服吗？',1588932808,'readed','to_service'),(245,'5eb52e15',6,6,'<img src=\"/upload/emoji/emo_18.gif\"> 你这不专业啊！对话模板不行啊！闲鱼实名的吧 大数据时代 就算你不是本人实名闲鱼 也可以查IP的吧 ',1588932876,'readed','to_service'),(246,'5eb52e15',6,6,'<img src=\"/upload/emoji/emo_18.gif\">只要你在境内  就跑不了 ',1588932895,'readed','to_service'),(247,'5eb52e15',6,6,'已经向电信诈骗专案组反应了',1588932924,'readed','to_service'),(248,'5eb52e15',6,6,'等你父母亲看到你进去 什么滋味呢',1588932967,'readed','to_service'),(249,'5eb5898a',1,1,'CZ',1588955536,'readed','to_service'),(250,'5eb60b17',1,1,'123\n\n\n\n\n\n\n\n\n\n',1588988701,'readed','to_service'),(251,'5eb65380',6,6,'你好',1589007244,'readed','to_service'),(252,'5eb65380',6,6,'他那个是怎么回事啊',1589007314,'readed','to_service'),(253,'5eb65380',6,6,'那个什么付不了款',1589007339,'readed','to_service'),(254,'5eb7c7d5',1,1,'你好',1589102574,'readed','to_service'),(255,'5eb7c7d5',1,1,'哈哈哈',1589102698,'readed','to_service'),(256,'5eb7c7d5',1,1,'在',1589102717,'readed','to_visiter'),(257,'5eb8155c',1,1,'<img src=\"/upload/emoji/emo_48.gif\"> ',1589122420,'readed','to_service'),(258,'5eb8c570',1,1,'<img src=\"/upload/emoji/emo_04.gif\"> ',1589167556,'readed','to_service'),(259,'5eb8c570',1,1,'试一下\n',1589167569,'readed','to_service'),(260,'5eb8fc9d',1,1,'胡思材料凯撒奖',1589181615,'readed','to_service'),(261,'5eb8fc9d',1,1,'按时吃撒',1589181623,'readed','to_service'),(262,'5eb8fc9d',1,1,'<img onclick=\'getbig(this)\'  src=\'data:image/png;base64,iVBORw0KGgoAAAANSUhEUgAAAGgAAABLCAYAAACcJMI5AAABEklEQVR4Ae3TQREAAAiEQPuXPmvsAxMw4N062sDRdMGtQPgTFKhAuAEcrwUVCDeA47WgAuEGcLwWVCDcAI7XggqEG8DxWlCBcAM4XgsqEG4Ax2tBBcIN4HgtqEC4ARyvBRUIN4DjtaAC4QZwvBZUINwAjteCCoQbwPFaUIFwAzheCyoQbgDHa0EFwg3geC2oQLgBHK8FFQg3gOO1oALhBnC8FlQg3ACO14IKhBvA8VpQgXADOF4LKhBuAMdrQQXCDeB4LahAuAEcrwUVCDeA47WgAuEGcLwWVCDcAI7XggqEG8DxWlCBcAM4XgsqEG4Ax2tBBcIN4HgtqEC4ARyvBRUIN4DjtaAC4QZwvBZUINwAjvfIQW04Tu27CAAAAABJRU5ErkJggg==\'>',1589181742,'readed','to_visiter'),(263,'5eb8fc9d',1,1,'擦擦咋',1589181795,'readed','to_service'),(264,'5eb8fc9d',1,1,'<img onclick=\'getbig(this)\'  src=\'data:image/png;base64,iVBORw0KGgoAAAANSUhEUgAAAnoAAAC+CAYAAACiTKKHAAAgAElEQVR4Ae19CZQWRZpt2WfmvPfO6W5tZ85Mz7x5s3TPTNvTbauo4IKOLS64oGMrCriBoojgAi6NxaLIvhTIDgXIpiKItGxCISA0iCAKCKUiSwHaUmyKICJr3Xe+iIzMiPzz3+r/ayHrcs5PbhGR8d3vRsSNLaugbOcuZPX7cBLaXdUI7cavt+K9g8G334mn/9gZY8a/hY+3pk5zwKChVtzEsGvHt0HDqxqFfn1QMr+Pda8PSpy8v4NerSdhrXMvMW1j67qJj+G2ps1w3wMPod0THfFc1+6YMHMOpo0eh0mvTsOf5izA4qXv4YOPt2FbmjTT2XPqFFBRAUxYCYxcBmzbB1w+EPhpR6B4OTDrY+DnnYB/7AQMfAf+PxPP5LnSxw8nodPtQ7EyjR0m/XT2FBS3QsGYljij+AEUjLkfBSNaoGB4MxSMvAdnyLPhd+HK2X1QUVGBb49+j78e9yAKhjaFilfcKqXvdR7WY0LrkP97vOPHE37cOmipf23yneyYzh6Dc5X6R7ibBT+T2SL309kjBNp4aD/+YdE4/Dz0a7FuAb45fhT/uHi88+xXSyfju5PHFfdSvVs/i/BPDrbVvD3J64n0WCTGpT0B7/LCN6/NSWwTgjriVq/9WbBO/LEtZd2Qzj/i848/3YwHHmqHVg89ijUfbfDTGzNuMto/+Qzuf/AR5/fgw+1UnEz4Et2+BbaIncaeMTNWY3OaejudPWMnvoFrbmqJD9d9hjaPdUP7Dj3wD7+8HP0GjUXvgcXq+MSzvfCjH/8K8xcsw7YdXyl7v2/dFeV/Wuzbnsy2kh6N0NCqnyWctjHURm8swZvjl+DTHO2pav8Edr6DXrYOSajjPsCC8ZOweNnKlBil80912FMQGJVYYSU+kwq+Ddq1toWervQ7vbpRG7tuCRYv886TODS94ZJmQBIhjRKW0liGCFW2M7HRcUVohF0fTkKH6wdgyaJh6PHGJ76TPpg5Ccs+24X1S97Gmi0R8Sppj4i8pZ8D/9YF+Ps/AiOWAR/tBIYs1gLw6HHg+blA3wXA+9uAF+cB736u9d7JU/Dzl+iPDPOYb6E3pqUWbSPvxv8Z/zAazuqFxm8X4ZdTn1VC70ej7sOd74z0hd45057DmS8/goLR96t46e3QPu0139inr41f8y30qsM/PoeTcCg9JgaLzIRe761rHCEngq/+e9OUyPvq6OFIETh3z/ashF7gnyBv2dhhwqarDyRTVWtPbvk3dpgj7dFCL298E6Fn6v3INkD7r3TuMORL6L3Qs68SchNfed2vf1e8/6Ej7sJiT+IYDmR6FJGUvhztTJluOr41ueMR9Ckai7Uff6bSufuBZ/C/zj4XN/7hYZ3ujq9wa9NH0PMXjXDw+eHq3hcr12H/qNfxXYd+Kd+t7IzoxCrxd5Vrm/hnTElp2vTS2SPvrHL/iE2h/JfN7xMMcC0aqga2NN9S1x+1wZ6shJ5prMSJptEtU72tPljiN2Db8PGq3BWuSlcUdIaF3A/v5yM5+CU92mDyR/r5hjfGYtaGXXh/anf0Hr8Mn6n4ZVizeE3anocpzOkcKQ3V8KXAf74A1OsDNH9Zizj5v/QroPzb4LrpWODvngXO7wVs3q2FoHlPpY95FnpqJG/k3fjt9M745JuvgswD6LZmJi76U3d1T0b0jp08oc77r5+PgiF34K/GPpi2oBvx7lSAVgWfb6EnGaxq/5iyU2kfWrzOhG/3rl/oCL1/e3ciNhzar3yx5fAB55kZ9RtYtlY9T5/HsBBPXtbSp5WZcK1ae3LLf9jGmvdPPO0x4iFqZO/Wp6ah1C8juY/otW7THq0eauuPbomP3/3z+3imU1f1a93msQTR91DbxzOo2yzfSNvmjBLJCFIwwOHzalNuAydXXNtCjdy1btcVW8q+hAi/H/341+o3asyr6t7Mx18ELrkHFZe1wPbPd2DP5FnYO34mvn+gS3qblAZogwkfGtu0Hb1snbBzF1ZO6Yw3V6T2jdicrvxImKr1jx7Jc9ofn1tio57BfOU9Y2/qY22wJ3OhZ5HSEXpWA2yI+ena3IRewrSdN3zaq4c9desNdXsFZa2obRltvKoNevWImvp1w5u8li0dq6dup65B2QdzMHz0DKz8PLXj/Lie89M5UkaMFn4K/EsXLeJ6vK0FXNupwH+9CFzcF5i7AZDRuysHAZf0B37VHZhfqtrd9AVtpxCzDSbM19PquiK0Kgwj9N57HWPyMNSspmdH3o1pW1erDL5Ztga3ze2H4s+W4baSYfj7ie0wfdsH6tn3x49i5CeLccPbRSgY0Rw/Kn4gA3sShYQIJTOam2+hV9X+cRso4xdto2m0/BHxnbl3lAT4u9bO98WcTOFO37VFkwnAkZMnsOrAbsgInhF5cuy1dY0KE+Z34nWif+wwYq8/9ZSHHnxV2+PUZ94Mgd+RVddt8NpaXSd8tuKtnKdqaI8e8cucb7rhbXhVH0yw6gHFOTXyEvhH8zC1mEhXX0saLVu3Rfsnnk5aVw0YPNwReg+2aafi2OUg9XlUGdICyV2StAu5tqeNbmyJ53sPx9n/dJESdTPeWoi/+sk5+Oszf4M77tbidNecd3GqQTNUXHwnvlz+IQ70GI2viybi8CMvJsUgsC9ki9EK4htfyC7FK38chuWb0retNe4fJ98R+Z3fB27HIiKMJQxrgz0ZCj3XkXbFaDfAxvG5EtOkI8rZWXdniUoZlXN6ED366N6QPbwqYIevPQfYa/QmLLcc9dn7mK3W6P057VpDk890jjRrwKZ/qNfoibAYvBj4RVfgkgHA73oC5/UESncBD0wB/vYZfW9TeaYjel5F6Bcqb42EuVZC7048PeUDXWi3bkpZeNPZo4XePZi9fZ0SBq9tWYW/Hf8wCgbfhoKRd6NgWDOcP6ObeiZr9ApG36fX8Hlr+wxuyY8u3xQPrGF0JfT8NaG5r5Goev9ofwTiQa77BPw1QnznLighsTa3hkqAf+KTZb6Iu2D5VKw/uA9l3x9EhfKK/q//to/8MCL0Xv7yE/UguV9MOdH+MSJVHa2ptaAnLGtYcl+zW+X2WPWKnhmQ5Sneel+v0Vq/cxfU1FMe1kzRHi30Mueb4Z13FH+ZtVOGd1bDmo81eiL07KlZWavX4elCTJgyVY3ybfxkC8a+PAVDho/B3PmLlCiUOOnLjrZBtZtq9M6I2Kg1evkRRr+/4T41oiejeBNfeUvl8ZwLGuOMn/wXenYfrK43b/sCR+94Ugu999bh2C3tsH/EVHz/8PMZ2WTrADnXdZ0lXNdOw7DBJd6MWcifju8yG9GrUv/UkNCrMr7N74OMhJ7tRCGyLfRESJmRFkPyXIWeLgQu8aU3pzZjeAXbFnq60XRFoeRRNTie0LPzLOfXtH0FUnkvGxVsxujdfxCGy2aM2R/i852bsUY2Y3yyIy3R0wkjEXYiJsw/2XDxvx8H+i8Eus8F/qkQOLcncNkAYNEm4NUPgGWbdWiJZ3BNfpQCZQtfKUhWIbOEhE4jtzUfMiono3PXze2PA0e/VxkVG6dtWYV/faUjCobdiUZz+6v7h44dwdkT2+MMWZ/nre1LboepABKFRCAetGjK52aMqvdPotBTGFgN1q23P4t5G3ehbNNqrMxxca8AP7N8qyPiRMj94t2JvtAr2bfT2ZAho34ypSv/MvWP7RMnjulYqM1Zk7AmTS8+XfmpenuCsiJ1T6/5wj9dnoJGayPmDe7srQEzPI0+0h4t5PLFt4QZHlvceWXIH0FWQjy3jpJwWaYG7YbXPn9rzgKnjMjmBZnmzXjqVk11SvtmRvcNjwIeOuUpx80ll17dDKPHT8MZPz4HTZo+grIdX6HjM73w5L9cqaZov1ywXNkjo3hHm3bArtnvAhffhfLX5+NIq0LHVjdfJt+7ECydCsqOhPXbYVnTZgYacrSnyv1TA0KvSvmWqdBLKGh2b8oDRUSTJkHuU0+KNKa307oPenkbM4JKVwgUCJuS8dL7toSeGTqWPJkRPVW4wgXL5Dm3Y7qK/ZQn9I4cAx59HbhuKPDaGuCzcmD0MuCJ6XpkT6Z0bx4JbNqt2lucOJnNiF6Ah/KDbW+ehZ6/43ZoU/zi1acwZMNC7P/hkMr0wi83KqH3+zn91PWho0dw1sRH1ajeGVkKvWRCQniQT6FX9f4JCz2p0O2darLmwxN6fjlKzsl0fBPgj546qTZf2FOzv/3zq8on274/CNllaz+7b/1C9Uz+0+U4+fsj11CqfHsCvfUk1Ykq27kJy2fkR+hVrT2mQZL86zrC1DVBPZNfoUd7suGbcNHjlml7Qkd3Ki13oWcW+9sCz5wPHTnWKSOyYUOeZboZQ3MqStRF3duFzRs/ct4XLp/p6oObb2+DoqET8JuLbsKP/+58lH62FduXfoDDrbviQP/xOPxId5X+VyUrsG/8TBx8tgjHmzyK3VPm4PATfVK+O8iL5F3aIKsd9nbfyujekkF3IljTVrv9owdJQu2pUy/nt74WDKuSb2JPRiN6gTN15W+PjpkCOHiR1zDIrttVuU0Nmt60AlxNoWjyTLDFnXWu8xcQzO9F2EIvPBK5czFeeno6NngOlM0Yb35gGrdPsWJO/jZjnPBG8ya+D/xzZy3kWk0GJq0CZq4D/rRer9Xbtlev0ZOp3O37tcjLfETPFg664fJHWvMt9GQKdtQ9OPeNLjh7YjsU9L4aLZeMxdGTx7H/h+/UyJ18XuXEqVP45uj3+Jkn9LL9vEp1Cb2q909I6CkRHlQkSrh6Qu+zFavTbgJKV7EbxbZo/xf4h0XBZ1QufW86vj95AlevmumIvH9fOgnbj2ihnpvQ0wLW95u3JjQfI3qSr6qzR/unoazxNaNFqrMoa36DzmE+p25pTzZ8M0IvKDNum/QOBtubMXJcmiJpm8+rGHEnxyEjijFtxiz12S3zfvn0ikzrZvN5Fb+9sriV/J5pk5If09UHxROm44b/eQgjx07FT356LqaMmILtn2/HzgUrcLhVF+DSFtixcbMSdDs/LEVFg2ZK5H3XvifKZ5RkKPS8zpKsozdlSNpWVY76YPBT+fu8V3X4R+rkhuFZMjNotHMX1r/6LJ7O45rDquZbHoSedmYnf81Ufr6T4xM/tFbGfCcv6GmbAuAJvfCwq+WcYHjZi7N2OnqMWqGJXPoOJqhdtxuw6NU/Y6Oj4M07oo/pCpoZmXtqBvDbHkDZPuDmEcArq/UmjKWbgWbj9S7bm0YA/9YVmLdRN9cSV2MR/W4fJyHleGvtisHNK2zud/Rym7o9o7gl/mr0/djy7W4cPHYE4z5dik0HdqkMzyz7SO2uveHtQdqACuBvJrXDGaPvU59ekfV96e3RvXdfMIR8ke8Rvar3T0joeZ0Os86o3fhJ1oheKdbkYepWgw8MsNbhiaC75cM5jsj7v4vH4+29O0xwdczFP7qC9DZjTCnJ24ieyWDV2OM1SNY6UNOBdRotGaEoyX1NqLFFjrQnk/pN6r7MR/RyHQEz/J86/U9qg4URe/NKgm/KyXStjOSJyJP1YhLWxMvsGDV6F3VPbM+tvpb8/OGuR/FMp754q9tL+OaOJ7F125fYuaYUFVfcA1x6D/YVv4Gysr9g/0uTcaDfOHw9aBIOPdU/O5u8aXS33tZ+c0dcU7Vlma3RE5uq1j96NtDU0c46ZNMe5Wlzo+FLVdpTKaFnMlbZYzph5BRqf02e+02epELPc4JpcMRBLvG0A6+5/saEDyb7a/SsDyav2/Qltm5LvU4vnT0iJOSfrL07+2ng7gl6FG/BJ8C9E4Ce8/Wu3LdLgfr9gF92A9Z/CciCqsy+o2eGzVMXoEz9lc6eH419AGeMuR9N5g/GvC8+xr4jh/D5t+UYtnERfj7pMRQMuwsXvPk83tr+EV7b/D5+MqGt3pBR3AoSN9N85CtcOnuq3j/58YvBI509mm36f9l80TPim3oybfv/lryMN8u32sHVuXlPdR1pT+I3D+mfcJkRwZDZiN6na3Ob6rR5/9q0mWq0TsTeAw8/isc6PKM2XsiaPLknI3nZizyxTYs6+QSJIya8KWl7zeGGHL9iIWvy1m/YhJeaPIRve4zA3olalMp38kTkyWdVzKaLL5etwYHexTjSshBln2xV6/lsPKrjPF19YOeh6vwT5l/lr2uDPbVU6FUeVJsE1XWezpGy2F9+skav13zg+mF6Ld69E4HCWXqN3i2jgAb9gSuK9DfdROSZ3aDp7aheoVcwTv4iRkucMaK52mUr4k1t0BjeHAWj79UfU5a/mDHqXv2TsGP1X9OQuOntya//a94/1WtPgnIDMG3XZvyHtS7vohWvY9WB8qigtc4/UZmkPfnlVKoyma78xM0/YSxkWk3WUMlmCxm9k5+cyz15Fg5f3dfp/GPys3NtKQ482RffPd4He6fMxq63/4y942Zg79g3UP7mO9g7eRYOt++JQx37YftnZTVmV6b2GLvi4p+qtIdCzwzD5nBMR8zwrk4ZpZOf/e/kSWDfd8C3ehOrEoZGIBoCJD9Wr9A7b1oXiGD767Gt1Qid+jNoY1qqc/XpFW/ThZybnxKC4x6AxE1uR9U0XjXvn/zalc4em1f2efnR7yEfRS7+ohSHvT93Zj8357XNPyZf4SPtyS+vkvm9rvEtGQ619X46/0i+zZ81k/Py6QtwuEMfHLmvkxrJk9E8GcE73KEvdr+5MKifvT+FVt12Z2JPdecpl/fVBnso9HIQeMb5tcGRJi/5ONKe6mlAK+sr+of+qSx3KhOPfCPfKsObysYh3/LPt5oTel/k35jKEivXeIqYtCfoCeZBPOfqEzs+/VO7yxr9Q//Y5bWqz8k38q2qOWanXxv4ViNCb978RSiLkTCiPbW74qB/6B+74q3qc/KNfKtqjtnpk2/km82HqPMaEXqSke21bNQnCpxs7tGe2l3Y6B/6J5vynGtY8o18y5VD2cQn38i3VHypMaFXtqN2OyYVaJHPaE+tnbpV/qJ/6J/q7FySb+Qb+VZ5DrD8VB67CN7VnNCTzNCZeXVmpACNcHrG4egf+icX/mQbl3wj37LlTC7hyTfyLRf+ZBu3BvlWs0JPgIrRWj0loGhP7a486B/6J9sKOpfw5Bv5lgt/so1LvpFvEZypeaGn1uuV127nRACXalRs+07akwqfmn5G/9TuZRP0D/1TnXUE+Ua+xZ1vtULoCcjyQcftX5R7I3ynv1CiPbW78qB/6J/qrNzJN/KNfKs8B1h+Ko+d8K4g/LV5XhMBIkAEiAARIAJEgAjEAwEKvXj4kVYQASJABIgAESACRCABAQq9BEh4gwgQASJABIgAESAC8UCAQi8efqQVRIAIEAEiQASIABFIQKDg4HeHwR8xIAfIAXKAHCAHyAFyIH4coNCj0KXQJwfIAXKAHCAHyIGYcoBCL6aOZa8sfr0y+pQ+JQfIAXKAHMiWAxR6FHrsxZED5AA5QA6QA+RATDlAoRdTx2ar+BmevURygBwgB8gBciB+HKDQo9BjL44cIAfIAXKAHCAHYsoBCr2YOpa9svj1yuhT+pQcIAfIAXIgWw5Q6FHosRdHDpAD5AA5QA6QAzHlgCv0Vo1E20dHYmVKY8sw6/n26Da7rGZIkVEe86T4q/NdKTHPkz18R81wlrgTd3KAHCAHyIEa4oAl9DIVcJmGSyVOckgjE/GVSZhMAM9XOpm8i2FYCZAD5AA5QA6QA+RAnjkQCL1tc9Ht0e6YtS2VQJNnOYg0P/M5pJGJ+MokjJ+XFPbmK51M3sUwLNzkADlADpAD5AA5kGcO+EJvy+zuaPv8XGyxXqDuPdoebdXPTOkGIm3lcPOsPdoOX+06RwnH4Lk/1Ru6L2kPW6XFlp2eH97Kj1qAaMSXk04gUO00VL49m4x9K8VOY5PKs7bH3HPea94VzgOvXV8TD+JBDpAD5AA5QA7USg54Qm81hlmCSwSVFnlG3IkQW41Zal1eIIyMQDuoBFEg2NSo33BLNHqizA8fMSpohJgRmltmz41eK+i9KxClXn5skRoh0Ixo9YWcJRT9fKl4gWjUdtkYpBj9I8FrJcGz3Z3E8OQ4OUAOkAPkQJw4oIVegjBKFH6B0Z6wckbw9D1fRCWInvDz8PVhqJE4J80kRAuLMXlXOP/h60jh6r3TFojfheyOSCfAIUn+EmxnOGJGDpAD5AA5QA6QAzXDASX0EkRWSoGTKNKi1+1p0WSmROUYCMGINNQ7ZarXGlGLEk1ReQvfC18boeeIuihxSaHHglgzBZG4E3dygBwgB8iBquBAwUE1hRkSVxFCKXh5hEgLT8WmnaqNSkM7OFhjl2TKNCpv4Xvhawo9TqtGdRp4j7wgB8gBcoAciDkHCsJr45SgixJ/PhBRIs29l5im+zx6BNBW8qGRNf/dEdO08iws7MLXFHosyDaHeE4+kAPkADlADtQRDhQk+/ixHlmzRtW2zcUwazNGMA0rAs0VcnrjQxA3YSOEF97eqbtyeBDeHWXUos9/X4SIixZ67ihlovjk1G0wSmuLbJ4TF3KAHCAHyAFyIC4cKEj1lzCCadT21qdXXFGngQjf09dmfV632asT/5qGEmz68ytq16u1C1bi+TthvQ0SWQk9IyTlMyqhz6uYXb2S74S1idyMwR5eHenhxaUCox1sjMkBcoAcSM2BAntUjWClBov4EB9ygBwgB8gBcoAcOJ04UBCMnNFxp5PjmFfylRwgB8gBcoAcIAfSccD/yxjpAvI5yUQOkAPkADlADpAD5MDpxQEKPa7J4ro8coAcIAfIAXKAHIgpByj0YupY9rhOrx4X/UV/kQPkADlADlQFByj0KPTYiyMHyAFygBwgB8iBmHKAQi+mjq2KXgHTZG+THCAHyAFygBw4vThAoUehx14cOUAOkAPkADlADsSUAxR6MXUse1ynV4+L/qK/yAFygBwgB6qCAwXgPyJABIgAESACRIAIEIFYIkChF0u30igiQASIABEgAkSACAAUemQBESACRIAIEAEiQARiigCFXkwdS7OIABEgAkSACBABIkChRw4QASJABIgAESACRCCmCFDoxdSxNIsIEAEiQASIABEgAhR65AARIAJEgAgQASJABGKKAIVeTB1Ls4gAESACRIAIEAEiQKFHDhABIkAEiAARIAJEIKYIUOjF1LE0iwgQASJABIgAESACjtA7fPQoDv9wFN8fPZb0d+TYMUg4CVNRUaEQ/P6YDk84iUCmCHjUUcHX7gBeeAu4dShwSXf9k3O5J8/MPzuOuccjEUiFwP4twPxngAk3AOOvTf17+XpgXgdg76ZUKfJZbUCAfq0NXsh/Hjr2GocrmnXC1fcU4qoW+nhF807oVjQFQze/j/vfn4kHVryJVitmoPnS1/HwB7Ow5sBXvhbJf47ikaIj9G7tPwa39B2NJn1H4+Y+o9RRzpv0k98odbyl32hIuNsHjsX+7w5j/6HD+MOAYtzcb3Q8EKEV1YbA8RPAoIVAgx5A/Z7Axd2Bi54HLuwG1JOj3O+hw0hY/iMC2SDw9TZgajPglcaJAm/cNRH3rgWmNAZevwvYvzWbNzFsdSJAv1Yn2tX7rsatuuHMC+/BT8+/C2de0Ewdz7roHjR/rB+eWjsfly+bhAbzRuPy5ZNx90czMWzZEgybNAcnT56q3oyeZm9zhN4lnQeiQZciNCgcgPqd+qujnDfoPEDfe07u9cclXQbh0sKB2PPtIew9+B0u9+KcZrYzuzWEwKlTwLETwJOvAQ36Ahd2BX7TCfjPZ4HfdQ7EXv0XtOir30eHlTgSl/+IQCYILOgETLkemBASei9fF4g8OZ9wPWDfm3IdIHH5r3YiQL/WTr/kI1e3tOmBsy68G2df2BxnXXCXOv7sortxb8eB6LzhHVy2ZCIuKRmDnp8tw8tzFuPca9vjupZd8/HqWKfhCD0RdVd0HYTVm8uwfe/X2L5nP3bs3Y+d+77GDrne+zVKv9iFq7sPweWdB2LXNwfVkKkJlxlS5ZjXdjBKTeB1g9Hwqkbur+1s7DfPQ8f9s9qj46zy0N3acVla1Ci/eRNs0mDhYyfhymejYxjLq/KcpzxBXVQCXNIPuKArIILusclAlxnAtf2A3xYGYu+ibkCDFwARe4NKMn35egy5qj3m1U6aZGqECpcPTqVOQ7CS8hcPvGxwJ92sBZwRceooIu86QEb0xl4NFF8FjLocGN1Qn0+5DZjcBJjUxE4p2bnBLlR/JZRBq76TpNYN9uuJ7Oqz9Rhi1QeZx5V8mjxI/ev6WtJpWLQ+mZEA7PgRwaSeioov9VHU/YgksrlFvxq0bL+c/n4Vq5o8/CLOrNcCP6vXDGeef6c+XtgC93UoQvs1c3DjqtcxedNHeLrXOPzsvLtw1sX3ouljfQ0gWRwT8YqOnBjOlDtVblK2rxK3EYasi05Zl6ug7pBwUlf7bbpfj5iymyyd4L6Kb9URpuyGhN5AXNl1EPYePKRinjh5EvI7eeoUTnkLpI4dP4FrXhyKyzoPxF++/tYJF7wu1ZkYb2XcqvR0rKAyM0AmGh4BRrIKRQlJ633yEk8QuQ5I5xRjU/JwqRtUEz/5MdrJEbZ6jhR8tA0eZlEVawK+yd9fXU82fKmna2X07oYBQOlf5M2y3rMCO/cBV/QEzusSiL163fR5/RcBiZv+n1SAbmOWPk7VhVA8DvEz6l5UDnLllKSZKo1M8xGVt9p+z16XN64RMPb3wJj/BsZcoUf0RMxNbQ7M7VCBNeOBTfOAHe9VYGHXCrWerzL2CZ7pOqKlRYabUpeY84i3WZ1gnWZQN+rQdkMfEd+5ZYcN3ps8v3Z4+9xJ1L8I0pG0vfrWqo/kuVvf+lGzPqFfbchs35zefhWrIoXeBc3R7PF+mFr+CYYvWoQb7u6ixeCFzdTo3x8e7W0DkvRcOJiRlhCBZcSSxWGTcMB1c8c7eroik3c47TYAUz6CusGkbZUnyHmEHvAFYaKoNHkNCb0BSujt+uYAfgZEGWEAABvASURBVDh+HHcUjcMNvUehca8RkLV5u789hCPHjuP3LwxRQq/8wEEcPX5ChWvce6TJWfKjVXEpMKTxSxAi4crMTc5k3L2b6koKQqgyNfmwG1/lpJAgjExWg52vSst+ReDkoMDaz/V5gI8hh1LtQsxsSJmYcLXdeeFPwEU9gPM6A6u3yWsrcPQE8PV3+rzNBD2NKyN9MuIn6/ZkZO/CFwGJm/5fhM/tSAm+rjqf6h5ViH9qhCR8z85gfs9TCT15VhVczq8FlUtNBIEIu7FX6RG6SbcA0+4B3hsKfLUWWP86sGIIsOfTCpRvBErfrMDcJyswq10FXr6hcu9MWz8J90wjYuohq6L2GwkJY+pGORYNDkbr2w7GkFCFn1xcSllI3Tj477TqQ7EjGKWzxUQIl7ANRbOTNkb54hn9Kj6In1/Fqiih99MLmuO+pwdh6uxl+NfLH8CZF8qI3116tK9eC9zeLjOhZzM3s3pP2gWtCYK2VouyjrNmO+VKlT+7/ZVyYZUn+91BWolteaABTIzkZU9s8AWpCe4cg7iO0Kv/3AA07DIQuw8cwg/HjuOqF15S6/HqFw5Aw26DUP6tFnYi9C4tHIA96toL13Ww84rIi3WDMWSdB54BJVxR2GraG43wK6JkFVYSQHUedCNuV4TKyUWhaVHJh6mAIzNvbur08lVpmVT9oxIhyStm+72qMjaYOELPrgQyEa/+26vl5LahwG86A3cOB05V6N/eg8DEP+vz9pOBXz2rp2xl3d7CjcBLC4B/fxb4w7BMsij2pxBSCmMblyr0aRSvou5lYlYlwwjfbf7byWRW4dkxTp9zmaJ9tw+w7V1g+3Jg+SBgdynwxWqgdCaw8U1g8YvA5hLg8/lQo3rTWgLT7wcm3Fg5O6VMJsNaUlRlVtVXuoyq8mwEXfiV5r45SuOeUR1lJ5RhHFMfq6h2/ZG8Lkplp52DfJ/Tr4Jo/PwqVt3SJmLqtl4L3PfUINz2SC+cedE9+JuLWgTTuvWaI9MRPZ+HwnWnHAnf7fbAC6n0iod10frQtGpEeC+aEmCmXQ4fE94blC+pC4zQs9v2hHLmaSZbC8irdZwgX3KtwpTPRoLQk6nb3TJSd+w4ru7+Ehp2KcKH23bii33fKDOOHD2GRt2H4LLCAdithN5JNZUrGznS/osSen4kTwD61/k7CSpXSVPeIyLAFQPhxtAGWoRmAGpyUeCnoRwRAC5vVc43gtRzlBawgSAx79S9heC+znOjhB6C70hT6J3KOn/45Tuly14Ezvkj8MgEnbKIPVkZIJst5Pj4FC30JNwvngLe+AB49T3gXzsCl/fIJDeeb9dZaxZNAXOwF0xnOD2zhl6B175c74xOBBwIraXw/Or42Mum3LPjye2Ee+E8Wes+dD7K1ci3yZtBwOd1GuHqpyERvXd1nLXBsS26k+M2+EGF496PjmtyWXNHGfl57U5g3RRg9RhgeH1g09vAwq769+UaYOUIYMfyUzj+A7D+tS8wrdnHWNBhBSY1qdw2b/FJgFPYdg+3ovWqUvbD+UIuFN7cN0dTzhWHgvrBNA6h2O6l4kjQqDidZ1MvqRi6fnNHIyTfbn3mJ+7XObpeHVKUanosyLMfvxIn9KsFWoz8KlaZEb2zL7TW6MmI3lOD0KLDAGf9ngpTr0WWQi+q/Y7mt9SbupyEuC91qFNmjD9MvTgY85wRcVPvhvkfiHXTlqcry6rOD4tHc+3kyeRF25BU6B07cdLbdFGEL7/WIk+mc2WXbSNvjZ4ShMeP45oeQ9WuXGNu0mO4QSsaHGpkDbDeCEQ4vDEo4hhuTJ082A2hnHuNftDg6krKLN5XYBphIAmp+MZJUUTRbwsa1HAYAd2Lb71fxbLz5mbaaojNu50A/ry+37tTaQUY+pW5QwA3jZq4EgH36z8C93pf5DHfxztxUuemeAnwj4/rEb1fdwKaDAJajwPk/NIXM8mxR3Lfh/ra50gC5mF/GSFn4a7ieNfCSz/tID+qYrCxTniP4ZJVcdjpSlLqOhiBy5hTTkPs2uOnEX5XlOj0zdGY+WIkdN/HMtyJ8cPV/MnEm4DBvwZKCoEVg4GB/wmsGgUs7ad/O98HFvcAypadwoY3gPeHlWPtiCK88+y7GNOocvlPJfRUZT4rYoNCRD2n8DUCzxxF6End13Y2Sn1BKfcsPmWcbc2RcOdBdQRsDqv0Ur3DNFYRYfx8Z5ypjALSr6lgOn39KlYZoedvxriwuRJ3rZ4dgnufKvLW5jV3R/SymLrVQknKi1eWIrSEszGtvDxxY6iU17B2SSgzRtx57XHUc6vjpuqGpJsxrHYo5PqgzSnH/ojNh6Y+Cgm9/riiaxH2qKnbY0ro1S8ciMa9huOmPqNwc99RuLH3SNR/TsIFU7nXdM9c6PlTtyrDVuUgjZABw1QQ5hgyLnxpQAqvWwgaIyG/BssYrtJQDpPdZlY+vAWPQVz9Nr+xTPJcQgVhvGFUTwzIO00PQJ0nkKs95i0O7z62nWsKbyDiJH9OWvIuhaGskQkqfsfeMHA1dC0fQ5a1dw17ALu/1dsw5LMpsh1DRve++wF4ZqoO85vngF6z9CjfOZ2A2yo5dWv7RoupACMzYmr73Anv4ST3dBhTSdhpJIJp+908Dd8LX0s4+932uWqEjcC0xaYScHZeNF+MPSoNtcbL5pTOUWCTyaF3tNO3H0XdT3i/HaHmzuWzKrMfB7YuAco/Bpb1Axa9AMx+TK/Ve/0eYNjFeheuTAe+3BiYcJP+9p5cV+ZfqvJWOsuU0dAO12T1nLkvR7NGz/jf1JfmqDJreKnrCeP/RDskXCIXgnBuOn6H0am3THzh2mCUSj5MHeSEC+osUwcG76ncGf2aDLfT269i1a1teigx54/oXSDf02uOWx7ugRsffEGd/0zunX8nzIje7RluxjCd6ITOjdP+29imKgeG/yZ8Yhvt8F3qTbtcqHLspi/lVY3ozQp25bvaxLwriGeXcanLnQEIeaenqRyh16BwIK7oUuSv0buu5zBc1mUQLikcCFmn16BTf3WUHbeyTk82Y8havkZK6GUwdavy6VUMahpXMiwNlM54x7Yy7N8e8xxDtXHKCBuolBWVASQ4qsZuVrk/B66z4lVOFiBRjb6ENfGTPXfDyJXYJGQQewNSRDXsKi/mvzAhHJuN0NCBJS3taK9X7VX6QWNj8DWJ146jbKiQDySf8ywwWH0ypQLHTwLyzUs1uucN8W3aBezYp3flXpzjZozAf2bULLkwEpSc8Ao2XZDtguVXHKbxdeA1/rdvJt6L4oP9bvs84JTOn58X8bszquPmVdJo2La9Wszvx/GyJc/C99Qj4WGUXVH3E95v21xz5/KXLt5+BljUHZjVHph+HyCfT5nxIDCrHbC0D/DeEOCDcRWYdh+wpFcFlg+UtXpVuOvWK6MOKkbQOTetz7D4z83omQTU5zKyF+k/k1aa+sRpfBwOmQS8dyV95jVOskxCGhVjX7KjnWwlz+nX0GhRqI1wfSpC267rbNBTtw9KdFSjXyVnbbuNxFn19Hf0RMyp33l3qm/qyXf1zjzPu6eEXnO16/bJHsW2UUnP9bRolM1R98xAShR2VviEuk/XvYk+8Do8Tp0alGfTlofzGLTl2ixVl6f1t9YbdlhH6MlI3ZXdBisBJ8nKt/PK5Ft6+75R5/JNvR375Ht6+9VPwojQu7bHUFzSuSgpwO4DAcLrAfrDn4EQMo1neMpIA2BSkjRCccxooAkSPkqFp95nO06nI+tK7MpSNb62Q5Qzzfu0I+3w5lUCrJ1vdS3iNWlaEnM9hth5V/kM9fi9Fxgy2O/T+XCFnhGjQjY7n45dqgEwWAhx3bDmHVVxlE+kyKdSZDetfEZl9lp5i/68ijpTf1lPX5d/C9wwUH9bT/6CRmU/r+L4JknhtLHShcTgYypW73rd7OAbfVZaKo7xpeBr+10MS3bP7rSo9AIeOfn2Ftzq0R0rb15Hyc+/8m3gzyCNRD/LMz+ew/Nw2PWYp75fGb6vRafpOdYWjgnc8t28OU8A8/8IJeBk2vbzBSLsgPVTgY8mAe+PAN7tXaHEn4R9o2UFJjWpwMSbJYXs/4n9dh2QkIJgbDhiHnr+shsHlYZ1X6cZNAw6aqgeNOmlPYoPbf6ki5A6vKqXZMRR+GHsS3ZM96oMntOvyUBK7afEWKnDV7dfJX9zFq9WfxFDRuvOkr+OYcRewlE+ptwMP72gGUqWqwYk0bzIO1E2R92zI8tzq570BgJ0eQ2Xo1RlMlR+pYx4bYTC2ozoyRSsKfvhNsTOlpxbaQSPQtO44c0Y6oPJ3QZha/leHD1xQn1DT76fJ9/RC//k+3oSRtbsXfuiCL0MR/QkY44iDQOljbQrSwHBbTRDYPo93sDUxDPtLNMgmecqbbuh9R6oRtvPpxF58lALPbtSNj2moEH1EvFs9RtS81LjRJV+yH7nmTXt4eUlSMsmZ1joebZKHKtRcXBU7zHvTiSyyWpVHeXjx/JXMS5+Hji3M9DjLeCTvwA/HAdkrd5X3wCTVgBX9gLO76w/riwfWc7sn9hj+yw8Qmf50MNH8yDo/Wpf2lvo7fSs+FYFoDjjpZfAhchRQm1N8G499D7P6jAkpONxyi4fkoqThveJC8MVJw1T/rwKRJ6ZcLqTZdlpwoZ56tyvvRyTRfurRgArhwLvPK+nbN96FJh8KzDl9uCDyfKx5HFX6+/rFf83MP6aTD+YnMhG8UPYN04owc4qk+pZsvor4b4u5zKK59Y/rg+c90Ve2HVHZIDQzfThDf9UJ0TsM3aGj6GUK3NJvyZDLb2f3Jjpw1enXyVvsgm0cauuavr2by7Sa/HUSF5I6Kln9VqgyUPdcTyrv48ZZXPUPcmNqedNO2nfC9oKV2yZOIlttyqzlnCz6wo5l3rYDGgZ3J31gsp5XvomHSlf6lxsCE3dyjPvXmhET/70WT9c33MEbuwzCjf0HqG+oSffyGvcayTUUc7lfm8TZiQaPNdfrdtT+Ujxn/rYn8mgChcC2GTMazylERJwoirOAAgJYzVOKd5/WjwSARZuCLyMGzKoS1OBGmFoKlfVKAd4GJz8xrwWgGD/CbT6ffU38mSjhfyN2xsHAre+pHfXyoaN87sAl/St/j+B5oijbDFTPLYrh6jp4uSJpnx3VNrJk6rTT95+Ovg7tyLgxlwJFF8JmI8nj7/W+8sZ1+sPKMtIkYgI+Xu3EjfdP1M/JYguVQZDFb0p06bc2oknCDr7oT435ThZ3ZAYI+KO4o6XL6cetsKa+iTKhoR77tpiVccksS9ZPW69OeNT+jUEVUz8WmGW7JT9Bf/V+FEl9s7y/jqGiD35ySYNuXdmvbvxu5seQ9kXegeCiRtCJuJSa44h/o7aUDk1HG87G+8ldIJDWsMqK4FGESEWtL9uBtwRPS3qjDDUcfw6xdQX3myNDHRtUR08L23r3U6d4HGh46wl1qh9uft5lSu6DVKbMS7rMlD9LdtLOw/ApZ0HRvwGqOeyVk++pycbM2QTB/8RgWwQkI7YoIX6r2TU7wXUk9G9Qj1Ne343QO416KnDZNVpyyYTScKmFFtJ4pjbqlH2C6q+G3XPhA8fU71bVQShtMPxea0R2LcZeK2p/nu3arOFCDrr79yK0HN+1+mwEmfvJqJYWxGgX2urZ3LPlxFsW3Z8hf95pCd+ev5danr2zAv0NK1M1cq9O9r3wbasRV7u+TtdU3BG9DaX74H8tu7e5/32hs7NtTlKuL0qzuZde05XDJjvGkDAfFJFXr12B/DCW4DsxpXPp8hPzuWePDP/7DjmXlUdU4mtqnqnSTfy3abXnmwkxkTm0UFg7+fA208BslPTFnXyt27tazmXXbdzn5S/lOEkwYtaiAD9WgudkqcsGbF36tQpzFq0Cg8VDkXjVt1wfatuaNNlGOa9uwYmjDnm6dWxTcYRerG1koYRASJABIgAESACRKAOIkChVwedTpOJABEgAkSACBCBuoEAhV7d8DOtJAJEgAgQASJABOogAhR6ddDpNJkIEAEiQASIABGoGwhQ6NUNP9NKIkAEiAARIAJEoA4iQKFXB51Ok4kAESACRIAIEIG6gQCFXt3wM60kAkSACBABIkAE6iACFHp10Ok0mQgQASJABIgAEagbCFDo1Q0/00oiQASIABEgAkSgDiJAoVcHnU6TiQARIAJEgAgQgbqBQMHmrTvAHzEgB8gBcoAcIAfIAXIgfhwo+Odfngv+iAE5QA6QA+QAOUAOkAPx4wCFHoUuhT45QA6QA+QAOUAOxJQDFHoxdSx7ZfHrldGn9Ck5QA6QA+RAthyg0KPQYy+OHCAHyAFygBwgB2LKAQq9mDo2W8XP8OwlkgPkADlADpAD8eMAhR6FHntx5AA5QA6QA+QAORBTDlDoxdSx7JXFr1dGn9Kn5AA5QA6QA9lygEKPQo+9OHKAHCAHyAFygByIKQco9GLq2GwVP8Ozl0gOkAPkADlADsSPAxR6FHrsxZED5AA5QA6QA+RATDlAoRdTx7JXFr9eGX1Kn5ID5AA5QA5kywEKPQo99uLIAXKAHCAHyAFyIKYcoNCLqWOzVfwMz14iOUAOkAPkADkQPw5Q6FHosRdHDpAD5AA5QA6QAzHlAIVeTB3LXln8emX0KX1KDpAD5AA5kC0HKPQo9NiLIwfIAXKAHCAHyIGYcoBCL6aOzVbxMzx7ieQAOUAOkAPkQPw4QKFHocdeHDlADpAD5AA5QA7ElAMUejF1LHtl8euV0af0KTlADpAD5EC2HKDQo9BjL44cIAfIAXKAHCAHYsoBCr2YOjZbxc/w7CWSA+QAOUAOkAPx4wCFHoUee3HkADlADpAD5AA5EFMOUOjF1LHslcWvV0af0qfkADlADpAD2XKAQo9Cj704coAcIAfIAXKAHIgpByj0YurYbBU/w7OXSA6QA+QAOUAOxI8DFHoUeuzFkQPkADlADpAD5EBMOUChF1PHslcWv14ZfUqfkgPkADlADmTLAQo9Cj324sgBcoAcIAfIAXIgphyg0IupY7NV/AzPXiI5QA6QA+QAORA/DlDoUeixF0cOkAPkADlADpADMeUAhV5MHcteWfx6ZfQpfUoOkAPkADmQLQco9Cj02IsjB8gBcoAcIAfIgZhygEIvpo7NVvEzPHuJ5AA5QA6QA+RA/DhAoUehx14cOUAOkAPkADlADsSUAxR6MXUse2Xx65XRp/QpOUAOkAPkQLYcoNCj0GMvjhwgB8gBcoAcIAdiygEKvZg6NlvFz/DsJZID5AA5QA6QA/HjAIUehR57ceQAOUAOkAPkADkQUw5Q6MXUseyVxa9XRp/Sp+QAOUAOkAPZcoBCj0KPvThygBwgB8gBcoAciCkHKPRi6thsFT/Ds5dIDpAD5AA5QA7EjwMUehR67MWRA+QAOUAOkAPkQEw5UPDDDz+AP2JADpAD5AA5QA6QA+RA/DhAoUehS6FPDpAD5AA5QA6QAzHlAIVeTB3LXln8emX0KX1KDpAD5AA5kC0HKPQo9NiLIwfIAXKAHCAHyIGYcoBCL6aOzVbxMzx7ieQAOUAOkAPkQPw4QKFHocdeHDlADpAD5AA5QA7ElAMUejF1LHtl8euV0af0KTlADpAD5EC2HKDQo9BjL44cIAfIAXKAHCAHYsqBAvAfESACRIAIEAEiQASIQCwRoNCLpVtpFBEgAkSACBABIkAEAAo9soAIEAEiQASIABEgAjFFgEIvpo6lWUSACBABIkAEiAARoNAjB4gAESACRIAIEAEiEFMEKPRi6liaRQSIABEgAkSACBABCj1ygAgQASJABIgAESACMUWAQi+mjqVZRIAIEAEiQASIABGg0CMHiAARIAJEgAgQASIQUwQo9GLqWJpFBIgAESACRIAIEAEKPXKACBABIkAEiAARIAIxRYBCL6aOpVlEgAgQASJABIgAEaDQIweIABEgAkSACBABIhBTBCj0YupYmkUEiAARIAJEgAgQAQo9coAIEAEiQASIABEgAjFFgEIvpo6lWUSACBABIkAEiAARoNAjB4gAESACRIAIEAEiEFMEKPRi6liaRQSIABEgAkSACBABCj1ygAgQASJABIgAESACMUWAQi+mjqVZRIAIEAEiQASIABGg0CMHiAARIAJEgAgQASIQUwQo9GLqWJpFBIgAESACRIAIEAEKPXKACBABIkAEiAARIAIxRYBCL6aOpVlEgAgQASJABIgAEaDQIweIABEgAkSACBABIhBTBAqaFpdmZNqekkI0LSzBnhShS4ubomlT8yuGm3Ipis2zNOkAVtimTVFYkuqtgHpvhnakyD4fEQEiQASIABEgAkQgVghkPKKXTuglPC8tdoVh+DopjFrk2bpN0k4l9ij0koLJB0SACBABIkAEiEAdRiAk9NyRNHu0Twu5YhQXmhG7prDFWILY2lOCwqZ6VE/FNaN5Tb146rmXlj3CJ4LQi+f7xUpL3bPjNi1GsYwk2pnxI/KECBABIkAEiAARIAJ1FwFL6IVH0vagpDCYNjVizR9Z88SW0VdaCFpTu+ERPOfafpf7HjjhPMeodxVCzeCG3qvCi4g0Gam7vqTlRIAIEAEiQASIABFwEPDX6CmhFhZLSlRZo3L2yBsi1sap0ThvlC6cli3gVLjwGj6TLxGBnqjzbum1f/pegqCMyodJikciQASIABEgAkSACNRhBAoKPVGlxVQwLRveVBElBG3RlTB1GxZzltCz40Vi743amTwUlwbiL+E9AKLyFpkubxIBIkAEiAARIAJEoA4hUGBGz6IElI1DlJgKBFsgxII4yadkg3hB6JRn1shiVD6j8pYyPT4kAkSACBABIkAEiEAdQKDA2TARmpq17Y8SZ4Hoyk7o6XV1yaZu7bd652lGA4N8RMTlLSJABIgAESACRIAI1FEECvzNFd6364Jrb0rUE39K6JkdswKWmpoN1tKJ2LLjwhqFU9haYs18J88s43NH5EQ02jt69cigCRuOy80YdZS5NJsIEAEiQASIABFIi4C161YtdkOh9RkU+wPJWoyVqJ24wdo5N301subHD0SgCuUIvfC7QqN7oTV6joCUxOznhSUo4edVXEfwiggQASJABIgAESACAFyhR0iIABEgAkSACBABIkAEYoMAhV5sXElDiAARIAJEgAgQASLgIkCh5+LBKyJABIgAESACRIAIxAYBCr3YuJKGEAEiQASIABEgAkTARYBCz8WDV0SACBABIkAEiAARiA0CFHqxcSUNIQJEgAgQASJABIiAiwCFnosHr4gAESACRIAIEAEiEBsEKPRi40oaQgSIABEgAkSACBABFwEKPRcPXhEBIkAEiAARIAJEIDYIUOjFxpU0hAgQASJABIgAESACLgIUei4evCICRIAIEAEiQASIQGwQoNCLjStpCBEgAkSACBABIkAEXAQo9Fw8eEUEiAARIAJEgAgQgdggQKEXG1fSECJABIgAESACRIAIuAhQ6Ll48IoIEAEiQASIABEgArFB4P8DE9JKnw2zjtoAAAAASUVORK5CYII=\'>',1589181816,'readed','to_visiter'),(265,'5eb8fdb8',1,1,'一二节就是一',1589181890,'readed','to_service'),(266,'5eb8fdb8',1,1,'磨粉',1589182198,'readed','to_service'),(267,'5eb8ff57',1,1,'djfeufs ',1589182307,'readed','to_service'),(268,'5eb8ff57',1,1,'djsnjfv ',1589182309,'readed','to_service'),(269,'5eb90c3c',6,6,'<img onclick=\"getbig(this)\" src=\"/upload/images/6/1589185618.jpg\" />',1589185618,'readed','to_service'),(270,'5eb90c3c',6,6,'什么东西',1589185630,'readed','to_service'),(271,'45815',1,1,'收到初三\n',1589186524,'readed','to_service'),(272,'j1A92',1,1,'sjwhs\n',1589244325,'readed','to_service'),(273,'j1A92',1,1,'fdgd',1589245274,'readed','to_service'),(274,'j1A92',1,1,'辅导辅导',1589245293,'readed','to_service'),(275,'j1A92',1,1,'<div><a href=\'/upload/files/1/1589249342.docx\' style=\'display: inline-block;text-align: center;min-width: 70px;text-decoration: none;\' download=\'新建 DOCX 文档.docx\'><i class=\'layui-icon\' style=\'font-size: 60px;\'>&#xe61e;</i><br>新建 DOCX 文档.docx</a></div>',1589249342,'readed','to_service'),(276,'j1A92',1,1,'生产大老师\n',1589264945,'readed','to_service'),(277,'j1A92',1,1,'所在城市中',1589264956,'readed','to_service'),(278,'j1A92',1,1,'zczz',1589264964,'readed','to_service'),(279,'j1A92',1,1,'啥飒飒',1589264995,'readed','to_service'),(280,'j1A92',1,1,'VCD是',1589267473,'readed','to_service'),(281,'j1A92',1,1,'啦啦啦啦',1589267501,'readed','to_visiter'),(282,'552C1',1,1,'<img src=\"/upload/emoji/emo_13.gif\"> ',1589268330,'readed','to_service'),(283,'j1A92',1,1,'zxz',1589277849,'readed','to_service'),(284,'5eba7927',6,6,'你好',1589279025,'readed','to_service'),(285,'5eba7927',6,6,'您好，闲鱼网在线人工客服133号为您服务，请问有什么可以帮助您?请直接输入需要咨询的问题。(注:请您不要关闭会话窗口避免服务中断无法受理)',1589279029,'readed','to_visiter'),(286,'5eba8a84',6,6,'您好，闲鱼网在线人工客服133号为您服务，请问有什么可以帮助您?请直接输入需要咨询的问题。(注:请您不要关闭会话窗口避免服务中断无法受理)',1589283478,'readed','to_visiter'),(287,'5eba8a84',6,6,'您好',1589283645,'readed','to_service'),(288,'5eba8a84',6,6,'您好，闲鱼网在线人工客服133号为您服务，请问有什么可以帮助您?请直接输入需要咨询的问题。(注:请您不要关闭会话窗口避免服务中断无法受理)',1589283651,'readed','to_visiter'),(289,'5eba8a84',6,6,'我的物品下不了单',1589283676,'readed','to_service'),(290,'5eba8a84',6,6,'您好，请您提供您的闲鱼脆称或淘宝会员名，我们这边为您查询!',1589283684,'readed','to_visiter'),(291,'j1A92',1,1,'<img onclick=\'getbig(this)\'  src=\'data:image/png;base64,iVBORw0KGgoAAAANSUhEUgAAAo8AAAF3CAYAAADEuaGSAAAgAElEQVR4Ae3d+5Nb1WEHcP1P+7+EtEADbXhkYwqFBkL6SyZ9ZEMzSQaSlA4kpJl2Ou1gmsmUPNoEwhvba2MWG4clGBLsIq1sr43teHf9OJ1ztZKu7mq192hX67u6H81oJF2dc3TO50gz3zn3oUZwI0CAAAECBAgQIFBSoFGynGIECBAgQIAAAQIEgvDoS0CAAAECBAgQIFBaQHgsTaUgAQIECBAgQICA8Og7QIAAAQIECBAgUFpAeCxNpSABAgQIECBAgIDw6DtAgAABAgQIECBQWkB4LE2lIAECBAgQIECAgPDoO0CAAAECBAgQIFBaYGR4XLt8KVxufRIufvxRuPDh+2F58Xg4c/xodo/P47b4XiwTy7oRIECAAAECBAhMt8CG8Lhy/lz49A8fhrPvvh3OvHMk6X72xEIWJmMbbgQIECBAgAABAtMnkIXHGzduhBj4zr13PCksjgqXsa3YZmzbjQABAgQIECBAYDoEGqsXlsPy4rs7FhqLgXL5/RNh9eKF6dAyCgIECBAgQIBAzQUaWdhbOBzah14P7Vd/M7EQeen0H6xC1vzLZvgECBAgQIDA3hdotA8fCEv/8e+h9dWvhdZjj00sPMaQGk+wuX7t6kTUrl+/HtbW1sLq6mq4cuXK1N/jOON447jdCBAgQIAAAQK7JdBofemR0PzTPwvNz9waWo/+zUTDYwyQcRf5tZWVHR3f1atXpz4sjgrEcfxuBAgQIECAAIHdEGjE0Ni733lXaD748M7fH3o4tJ54Iiz9/L9D+8iBEI+D3IkVyOxEn5WVWgfHbqhcWVlxWMBu/GJ8BgECBAgQqLnAYHjMB8lJPL97Niw980y2uhl3YW/3TOy6rzh2g2P30QpkzX/Nhk+AAAECBHZBYHfDYwykd3w+tF9+MQuQlz45NfYQ47F+3dDksX+M53YD+dgToiIBAgQIECBQC4HdD48xQOZOzFm7dHEs6HiyiNDYD41di+jiRoAAAQIECBCYlMBgeLzltv7xj5PYbd1tc/a+3ok55z9YHGts8Ri/bmDy2A+R8SxsNwIECBAgQIDApAT64fGW20Lr8cdD82//LjRvv3OyIfLefb3wGM/AXv00/SLiAmM/MBYtJvVl0S4BAgQIECBAoB8eH/1KOPP24dA+Oh/aL/46tObmsuMTm5+9feeDZCE8xsv3pB6rVwxMXvfDpK81AQIECBAgQGBSAp3weM9sWPr58wOrgWcWjoT2C/8bWv/8ZGg+8mhofu4vdi5EFsJjXH28cu5M0hiFxX5YLFokQSpMgAABAgQIEEgQaDRvvSO0vv/90D5ycDA8vnMke91+ez60X385LD33bGj9/T90ViO7xy6O+zgkPF78+KOEbgfHO474F50kSIUJECBAgAABAgkCjebDj4b2gdeGBse4Ili8t197KTT/8Zubh8hbchcd3yxcDgmPZ08sJO26Lq62ed1fiUyYf0UJECBAgAABAkkCjaVf/GxDQCwGxuLr9sLh7FqNrSefDM3494af+3xvl3bricdD63vf6+zqvuve0PyTzl8f9v7FJgbKIeExfsba5UulOz/RsHhqf5idmQlz8/1A1vu87L25MJ+t/J0K+2dnwszMxvvs/lP91dFx6oxYWez1ZZMypREVJECAAAECBAgkCjTisY3FcFj6dQyRb7wSlp79z9D6xmOheeddYenf/jWcidsPvBqWnv9paP3g6dD66tdC88/v7gXMzcJjykXDtwpQW74/P9cPfbP7w6luEMu2x3A4H+Y2CZCn9s+Gmbn5cOVKDI/dINkPmvH9YvAcp86WY+j2ufCY+B1QnAABAgQIECBQWqBROigO2YWd1Y1BMd4PvxmWfvXL0H7phV4YzbYfPRTah94ISy/8T2g+8FAnQG6y8hj/srDsbdxg1as3Pxey1cG4KrgeHufnZtZDYTcIdlYWu6uIWQDMrzLOzoW5uPLYC5+x/GyYm+uHx3Hq9PpYCIVlt5c1VI4AAQIECBAgkCqw/fC4WagsbG8fORCaj3xlZHg8/7vflu5/2SC1abl8eFwPhHPzndXGgd3Qs/vD/hgqewGxGyzjY2flcX9vpXE+zM3uD/O91/my3efj1OnWLfdYGlFBAgQIECBAgECiQKXC47nfvlO6+5uGwrKrdfnwWAyGudXIwc/phMO4i7uza7oTBLNd3LGN9TY773WD3jh1unXHeyyNqCABAgQIECBAIFGgUuHxzLG3Snd/MNSNEbIK4TGuFg6sOOZ3T8/MdHZxx+Mg14Pm/Nxs2H+qGx47YXJmJm7rBstun8ap06073mNpRAUJECBAgAABAokClQqPZ48fLd39nQ6PvRNm4srlpiuP3bAYd2/HE2W6rwfrDK48dsuk1BkvNHZNSiMqSIAAAQIECBBIFKhUeDz33vHS3e8GpbEfCyuPp9bPrh66+pidWR0DXQyCs2H//P4wm23rBsIrITvZZv3s7I3hMbWO8Fj6i6AgAQIECBAgsKsClQqP5z9YLD34sUNj95jIDZfq6QfBgbZjuV54jCFxNuzfXzhTu7tSGR/n5rPjIWf3719fnUyvM/D53f4mPJZGVJAAAQIECBAgkChQqfD46e9Plu7+dgPWlaErjxuv2RjL5cNj9jp/POTc/s5q5Kn+ymS8VE8WHrsn4uSDaqy7RZ3tjq00ooIECBAgQIAAgUSBSoXHPy59Urr72w1YG+vHlceN/xST7cZeX3mMu6NnsmMd+0GxtwrZXRmMoXR2/eSb2f3hnTHqbOxb2m7s0ogKEiBAgAABAgQSBRrZv8EcPhCWnns2LD31VPYYL/g97sXD27GtnzwXlp5+Kvvnmfg6+4wS13m8+sfLpbu/3YC1sX653da9euu7qHuvu+Exe4zHRnbP0M4Fv3HqDLSba2vE9tKIChIgQIAAAQIEEgUa7aOHQuuHT4fm7XeG5mdvD83b7siC37jhcenHPwrN2/pttR5/PLTfOhi2ukj42RML4caNG6W7Pzy0lQtX0163NKKCBAgQIECAAIFEgUb7tZdC868f6f/v9GduDc37Hghj/ef1wpHQvP/Bwbb+8q9C+6VfbxkeL576fVLXpz0Abmd8SZAKEyBAgAABAgQSBDrh8cEvDQa+L943fnjcd/9gW/vuD+3f/GrL8LhyYTmh2yFsJ1xNe90kSIUJECBAgAABAgkCjfaRg6H13e92dlnHVcdbbgtxV/O4K49LT/5T1kaz29a3vh3iMZSjdlsvL76btMs6jm/aA+B2xpcw/4oSIECAAAECBJIEOifMHHojtH70TGh9fS4sPfPD0D742vgnzBx6PSz9+F+ytlo/eDq0D76+5QkzqauOcYTbCVfTXjfpG6AwAQIECBAgQCBB4KZfquf8795L6G6/6LQHwO2Mr6/kGQECBAgQIEBgZwV2OTw+2jke8t59vZXNtYufjjWi7YSraa87FqhKBAgQIECAAIESArsXHt98NTS/sG8gPF76v49LdHF4kWkPgOOOb3V1dTiYrQQIECBAgACBHRBoLP3i+dB++cXQfmVC95dfDEu//FlofeOx3ok0re98J1w4+X7ySTL58Y4brqa93tWrV/NMnhMgQIAAAQIEdlSg0bx7tnNtxgceCs1J3ON1H+/5Yi84Nu+ZDWcPHQjXr13b1kCmPQSOO76UC61vawJUJkCAAAECBGop0MguqRMvq7Mb9zvvCu2fPBeurVzZNva44Wqa613bZiDf9qRogAABAgQIEJh6gUbz4S+H5sOPTPj+5dD61rfD+bcOb3vFsTsj0xwCxxnbyspKl8YjAQIECBAgQGBiAo32m6+E3bjHk2N2cpfqOAFrWus4znFivw8NEyBAgAABAgWBxtqli2H5/RO9S+eceefIjj4//8F7IX7GTt+mNQiWHVc8q3ptbS1cv359p2m1R4AAAQIECBDYVKAR34krgqsXlsO5947vWHCMba2cT/u/6k176Q0CBAgQIECAAIFKCGThMd+TlfPnwsWPPwpnTywkB8lYJ9aNbbgRIECAAAECBAhMn8CG8Jgf4trlS+Fy65MsEF748P2wvHg8nDl+NLvH53FbDIuxTCzrRoAAAQIECBAgMN0CI8PjdA/d6AgQIECAAAECBFIFhMdUMeUJECBAgAABAjUWEB5rPPmGToAAAQIECBBIFRAeU8WUJ0CAAAECBAjUWEB4rPHkGzoBAgQIECBAIFVAeEwVU54AAQIECBAgUGMB4bHGk2/oBAgQIECAAIFUAeExVUx5AgQIECBAgECNBYTHGk++oRMgQIAAAQIEUgWEx1Qx5QkQIECAAAECNRYQHms8+YZOgAABAgQIEEgVEB5TxZQnQIAAAQIECNRYQHis8eQbOgECBAgQIEAgVUB4TBVTngABAgQIECBQYwHhscaTb+gECBAgQIAAgVQB4TFVTHkCBAgQIECAQI0FhMcaT76hEyBAgAABAgRSBYTHVDHlCRAgQIAAAQI1FhAeazz5hk6AAAECBAgQSBUQHlPFlCdAgAABAgQI1FhAeKzx5Bs6AQIECBAgQCBVQHhMFVOeAAECBAgQIFBjAeGxxpNv6AQIECBAgACBVAHhMVVMeQIECBAgQIBAjQWExxpPvqETIECAAAECBFIFhMdUMeUJEKi+wPLJcGxhISys34+dXO73ecR7pxf7dRYWFsPpXq3TYTHX3sJi/51eke6TQvuD7XQLDT4unzwWBvoYlsPJY7m+HDsZciMYrLz+KvZ9oFup/Yjlh3zOxr4N/XgbCRCokYDwWKPJNlQC9RCIwetY6OfFGPz6rwdCVhaw1kPi6cWQD4UxNHVfDwaowfY2mBba2fB+YUP2OQsLA+Fx8PNCiH0eDJeDjXRD70B4TOlHN2gWwuOwvg1+slcECNRRQHis46wbM4GaCfTDVwx++RXFTjAbCF1dm16wLIbREIrhrlslPo56L18uPs9C37GT4fSGlcdCyRgEC8GuU2J9hXLxdNZWfhyb96MQfmPbMVyfHlx5LN23Qle9JEBg+gWEx+mfYyMkUHOBTsDqBKvh4XHoql4vsA0Pj91VySLu6cVj4Vhul3M+0BXLdl9vHvQ6JeL7m31et40Y9vKfldwPu627lB4JENhCQHjcAsjbBAjsbYGB4NVbTeyPqb8q2d8WQn51Lv+8U2agzXy19WMViyGuvwt9oHDvxcjwOKTPvYq5J4PhMR+YO4VimBzZD+Exp+kpAQKjBITHUTreI0Bgbwv0Vg+7wyiz8lgMXiNWHrNdvt0TWwZ3h/c+cf14xWw3cPekm3y6HLmre2Nw7bZbfBwMj8V3tz5uMgiPG9FsIUBgqIDwOJTFRgIE9rxAFuyKgW54eOxnuU5wHNyNPTw8DpbZXGurUBdrDl95jH0d3BW9+aeMOHZzvdKW/RAeR/F6jwCBnIDwmMPwlACB6RDIdisPPcGkGLLyK3ubh7XBcFdcmcyb5duL22PZYoDNl+88H2w/S5PhWO4M8Y01Nm4ZDIdj9EN43IhqCwECQwWEx6EsNhIgsHcFOiGwe43H7mNvpXBgV3P/EjhZ4OzuVu49rge/GKx62xZGn7wyUHaL4wzXkYvhMQbBbr97j5uE4e48DYbHbgDttpPvRzFY9jrhOo9dTI8ECIwUEB5H8niTAAECBAgQIEAgLyA85jU8J0CAAAECBAgQGCkgPI7k8SYBAgQIECBAgEBeQHjMa3hOgAABAgQIECAwUkB4HMnjTQIECBAgQIAAgbyA8JjX8JwAAQIECBAgQGCkgPA4ksebBAgQIECAAAECeQHhMa/hOQECBAgQIECAwEgB4XEkjzcJECBAgAABAgTyAsJjXsNzAgQIECBAgACBkQLC40gebxIgQIAAAQIECOQFhMe8hucECBAgQIAAAQIjBYTHkTzeJECAAAECBAgQyAsIj3kNzwkQIECAAAECBEYKCI8jebxJgAABAgQIECCQFxgZHtcuXwqXW5+Eix9/FC58+H5YXjwezhw/mt3j87gtvhfLxLJuBAgQIECAAAEC0y2wITyunD8XPv3Dh+Hsu2+HM+8cSbqfPbGQhcnYhhsBAgQIECBAgMD0CWTh8caNGyEGvnPvHU8Ki6PCZWwrthnbdiNAgAABAgQIEJgOgcbqheWwvPjujoXGYqBcfv9EWL14YTq0jIIAAQIECBAgUHOBRhb2Fg6H9qHXQ/vV30wsRF46/QerkDX/shk+AQIECBAgsPcFGu3DB8LSf/x7aH31a6H12GMTC48xpMYTbK5fuzoRtevXr4e1tbWwuroarly5Uot7HGsccxy7GwECBAgQIEBgNwQarS89Epp/+meh+ZlbQ+vRv5loeIwBMu4iv7aysqNju3r1ai3C4qhQHA3cCBAgQIAAAQKTFmjE0Ni733lXaD748M7fH3o4tJ54Iiz9/L9D+8iBEI+D3IkVyOxEn5WV2gfHbqhcWVlxaMCkfzHaJ0CAAAECNRcYDI/5IDmJ53fPhqVnnslWN+Mu7O2eiW3FcePueSuQNf9FGz4BAgQIEJiwwO6GxxhI7/h8aL/8YhYgL31yauzhxeP8uituHgdD5HZD+diToiIBAgQIECAw9QK7Hx5jgMydmLN26eJYyPFEEaFxMDR2PaKNGwECBAgQIEBgEgKD4fGW2/rHP05it3W3zdn7eifmnP9gcaxxxeP7umHJ42CIjGdhuxEgQIAAAQIEJiHQD4+33BZajz8emn/7d6F5+52TDZH37uuFx3gG9uqn6RcRFxgHA2PRYxJfFm0SIECAAAECBPrh8dGvhDNvHw7to/Oh/eKvQ2tuLjs+sfnZ23c+SBbCY7x8T+pxesWw5PVgmPTVJkCAAAECBAhMQqATHu+ZDUs/f35gNfDMwpHQfuF/Q+ufnwzNRx4Nzc/9xc6FyEJ4jKuPV86dSRqfsDgYFoseSZgKEyBAgAABAgRKCjSat94RWt//fmgfOTgYHt85kr1uvz0f2q+/HJaeeza0/v4fOquR3WMXx30cEh4vfvxRyS53ihXDkteDYTIJU2ECBAgQIECAQEmBRvPhR0P7wGtDg2NcESze26+9FJr/+M3NQ+QtuYuObxYuh4THsycWknZdC4uDYbHoUXL+FSNAgAABAgQIJAk0ln7xsw0BsRgYi6/bC4ezazW2nnwyNOPfG37u871d2q0nHg+t732vs6v7rntD8086f33Y+xebGCiHhMf4GWuXL5XufDEs7YnX83NhZmZm5H1ufnQoLDvO0pAKEiBAgAABAgQSBBrx2MZiOCz9OobIN14JS8/+Z2h947HQvPOusPRv/xrOxO0HXg1Lz/80tH7wdGh99Wuh+ed39wLmZuEx5aLhZUPUZuVmZmbD/lPDg9qp/bNh4P1i6JvdH05d6dadD3PDAuFAmfWysZ25+U0vMTQ/NxOEx4Rvr6IECBAgQIDArgs0SgfFIbuws7oxKMb74TfD0q9+GdovvdALo9n2o4dC+9AbYemF/wnNBx7qBMhNVh7jXxaWvW0WCstu3z87E2b3nxoS5E6F/HudIDkX5nth8UqIIW+mFw474bEY+gbL5MLjsKCZ21Zsp+x4iuXKOipHgAABAgQIEEgR2H543CxUFra3jxwIzUe+MjI8nv/db0v3vRiWkl9nq4mDoTBrI7/91P4wO3SFMh8Y88+7q5Hxcch2K4+l51dBAgQIECBAoJoClQqP5377Tmml5LCYWzns1B0S7q6sryp2dy3HsNdbYcwHw/zz4e3Ez4irjwOrm1kwdcxj6UlWkAABAgQIEKicQKXC45ljb5UG2n54vBKyXdL5cFhYacze7wbJDeGzGyA3D4/l6nfb2dnH0pAKEiBAgAABAgQSBCoVHs8eP1q66zsRHju7lvsnzhTDXvH18M8sEx47ZbY607r//uyQYzHTwmVpSAUJECBAgAABAgkClQqP5947Xrrrw4NcWsCKbfQDYjxRph8ks/Z3erd1cfVyi2MgtzPG0pAKEiBAgAABAgQSBCoVHs9/sFi669sJVoN146rgXJgfGuTie4VAmQXA/BnZm608DtteCKibHAO5E2dcl4ZUkAABAgQIECCQIFCp8Pjp70+W7vpgAExfcczXz1YfZ4ZfY7Hz3uBZ2dlleGLgzILksJBYvJxPp38b2hoaWLc3lu64SkMqSIAAAQIECBBIEKhUePzj0ielu94NSTvzOB/m8ifODNu9nLsW4+AZ2J3w2D9ecf1s6uKJNtkq4/oKZ3c1U3gsPd8KEiBAgAABAtUQaGT/BnP4QFh67tmw9NRT2WO84Pe4Fw9vx7Z+8lxYevqp7J9n4uvsM0pc5/HqHy+XVtmZ0Lgzq3xb9qUbHHuhdJPA2QuoTpgp/UVQkAABAgQIENhVgUb76KHQ+uHToXn7naH52dtD87Y7suA3bnhc+vGPQvO2flutxx8P7bcOhq0uEn72xEK4ceNG6cFvGdh6QW2XAmLFPq80pIIECBAgQIAAgQSBRvu1l0Lzrx/p/+/0Z24NzfseCGP95/XCkdC8/8HBtv7yr0L7pV9vGR4vnvp9QrfDti9lM+3hMwlTYQIECBAgQIBASYFOeHzwS4OB74v3jR8e990/2Na++0P7N7/aMjyuXFgu2eVOsWkPf9sdXxKmwgQIECBAgACBkgKN9pGDofXd73Z2WcdVx1tuC3FX87grj0tP/lPWRrPb1re+HeIxlKN2Wy8vvpu0yzqObbvhatrrl5x/xQgQIECAAAECSQKdE2YOvRFaP3omtL4+F5ae+WFoH3xt/BNmDr0eln78L1lbrR88HdoHX9/yhJnUVcc4wmkPf9sdX9K3QGECBAgQIECAQEmBm36pnvO/e69kVweLbTdcTXv9QS2vCBAgQIAAAQI7I7DL4fHRzvGQ9+7rrWyuXfx0rJFMe/jb7vjGQlWJAAECBAgQILCFwO6FxzdfDc0v7BsIj5f+7+Mturf529sNV9Ncf3V1dXM47xAgQIAAAQIEtiHQWPrF86H98ouh/cqE7i+/GJZ++bPQ+sZjvRNpWt/5Trhw8v3kk2Ty45zm8LfdsV29ejVP5TkBAgQIECBAYMcEGs27ZzvXZnzgodCcxD1e9/GeL/aCY/Oe2XD20IFw/dq1bQ1iuwFrmuunXGx9W5OgMgECBAgQIFA7gUZ2SZ14WZ3duN95V2j/5LlwbeXKtqGnOfxtZ2zXthnKtz0xGiBAgAABAgSmWqDRfPjLofnwIxO+fzm0vvXtcP6tw9tecezOxnYC1rTWXVlZ6fJ4JECAAAECBAhMRKDRfvOVsBv3eHLMTu5OndYAOO64HOc4kd+HRgkQIECAAIGCQGPt0sWw/P6J3qVzzrxzZEefn//gvRA/Y6dv44asaaoXz6peW1sL169f32le7REgQIAAAQIEhgo04ta4Irh6YTmce+/4jgXH2NbK+bT/qx7aQxsJECBAgAABAgQqI5CFx3xvVs6fCxc//iicPbGQHCRjnVg3tuFGgAABAgQIECAwfQIbwmN+iGuXL4XLrU+yQHjhw/fD8uLxcOb40ewen8dtMSzGMrGsGwECBAgQIECAwHQLjAyP0z10oyNAgAABAgQIEEgVEB5TxZQnQIAAAQIECNRYQHis8eQbOgECBAgQIEAgVUB4TBVTngABAgQIECBQYwHhscaTb+gECBAgQIAAgVQB4TFVTHkCBAgQIECAQI0FhMcaT76hEyBAgAABAgRSBYTHVDHlCRAgQIAAAQI1FhAeazz5hk6AAAECBAgQSBUQHlPFlCdAgAABAgQI1FhAeKzx5Bs6AQIECBAgQCBVQHhMFVOeAAECBAgQIFBjAeGxxpNv6AQIECBAgACBVAHhMVVMeQIECBAgQIBAjQWExxpPvqETIECAAAECBFIFhMdUMeUJECBAgAABAjUWEB5rPPmGToAAAQIECBBIFRAeU8WUJ0CAAAECBAjUWEB4rPHkGzoBAgQIECBAIFVAeEwVU54AAQIECBAgUGMB4bHGk2/oBAgQIECAAIFUAeExVUx5AgQIECBAgECNBYTHGk++oRMgQIAAAQIEUgWEx1Qx5QkQIECAAAECNRYQHms8+YZOgAABAgQIEEgVEB5TxZQnQIAAAQIECNRYQHis8eQbOgECBAgQIEAgVUB4TBVTngABAgQIECBQYwHhscaTb+gECBAgQIAAgVQB4TFVTHkCBAgQIECAQI0FhMcaT76hEyBAgAABAgRSBYTHVDHlCRAgQIAAAQI1FhAeazz5hk6AAAECBAgQSBUQHlPFlCdAgAABAgQI1FhAeKzx5Bs6AQIECBAgQCBVQHhMFVOeAAECBAgQIFBjAeGxxpNv6AQIECBAgACBVAHhMVVMeQIECBAgQIBAjQWExxpPvqETIECAAAECBFIFhMdUMeUJECBAgAABAjUWEB5rPPmGToAAAQIECBBIFRAeU8WUJ0CAAAECBAjUWEB4rPHkGzoBAgQIECBAIFVAeEwVU54AAQIECBAgUGMB4bHGk2/oBAgQIECAAIFUAeExVUx5AgQIECBAgECNBYTHGk++oRMgQIAAAQIEUgWEx1Qx5QkQIECAAAECNRYQHms8+YZOgAABAgQIEEgVEB5TxZQnQIAAAQIECNRYQHis8eQbOgECBAgQIEAgVUB4TBVTngABAgQIECBQYwHhscaTb+gECBAgQIAAgVQB4TFVTHkCBAgQIECAQI0FhMcaT76hEyBAgAABAh2B6zdCWL0WwpWrIVxecx9mEG2ikfDoV0OAAAECBAjUWmDtmrA4LCxutk14rPXPxeAJECBAgEB9BeJq4x+tMiavtAqP9f3NGDkBAgQIEKi1gBXH8VZchcda/2wMngABAgQI1FMgrjputlvW9tE2wmM9fzNGTYAAAQIEai0QT/wQEsczEB5r/dMxeAIECBAgUE8BZ1WPFxxj4BYe6/mbMWoCBAgQIFBrAauOwmOtfwAGT4AAAQIECKQJCI/CY9o3RmkCBAgQIECg1gLCo/BY6x+AwRMgQIAAAQJpAsKj8Jj2jTHfJywAABVESURBVFGaAAECBAgQqLWA8Cg81voHYPAECBAgQIBAmsBEwuMnPw1fmP1p+EP3X2uOfDPM5F93t+cfq1wn38/cc2dbp33XlCZAgAABAgSmQGD74bEdnp2dCTMznfvXj4RwuRgE10I4+NhMyN7LwleV65RfiRQep+AHYAgECBAgQIBAmsDOhMd94dlP1gPiY9/sBcmZmX3hC7lg2QmY3wwH12J4rGadFA/hMe27pjQBAgQIECAwBQIpYWl42UIQ3GTlcbBuletYeZyCr7UhECBAgAABApMSGAx15YNTv97oIPiH/9oXvvBf7c5fIMZjHx9bCJeLK4+FwHlz65Q3sPI4qW+ldgkQIECAAIHKCvRDYPnQNFhnk/CYHQP5zXCwFxhD6IfCKtcp7yA8VvZrrWMECBAgQIDApAQGg2D54NSvVwiC3WMeu2dX506eOfhY5zjHDSuPlapT3kB4nNS3UrsECBAgQIBAZQX6IbB8aBqsUwiPhV3Ql9cWwtdn4kky3cf4OVWuU95BeKzs11rHCBAgQIAAgUkJDAbB8sGpX2+rILj+/pGfhi9kxzuWCY83s055A+FxUt9K7RIgQIAAAQKVFeiHwPKhabBODHpbX+exf7xjNzxWtU55B+Gxsl9rHSNAgAABAgQmJTAYBMsHp369/spjb9v6cY4H/2tf7pqP3bAYj3usbp3eGHL/JLPZNuFxUt9K7RIgQIAAAQKVFdgsGI27Pf6TTHYx8N4u6q0DaZXrjHIQHiv7tdYxAgQIECBAYFICo8KR90YHX+FxUt9K7RIgQIAAAQKVFRAQRwfEUT7CY2W/1jpGgAABAgQITEpgVDjy3uhgKTxO6lupXQIECBAgQKCyAgLi6IA4ykd4rOzXWscIECBAgACBSQmMCkfeGx0shcdJfSu1S4AAAQIECFRWQEAcHRBH+QiPlf1a6xgBAgQIECAwKYFR4ch7o4Ol8Dipb6V2CRAgQIAAgcoKrFwdHZAEyM19hMfKfq11jAABAgQIEJiUwNq1zcOR4DjaRnic1LdSuwQIECBAgEBlBW6E0QFJgNzcR3is7NdaxwgQIECAAIFJCqxd3zwgCY+b2wiPk/xWapsAAQIECBCotMAVxz6G1KAsPFb6K61zBAgQIECAwKQFHP+4+SrjsGApPE76G6l9AgQIECBAoPIC12+EsHotBCuRWwdJ4bHyX2cdJECAAAECBAhUR0B4rM5c6AkBAgQIECBAoPICwmPlp0gHCRAgQIAAAQLVERAeqzMXekKAAAECBAgQqLyA8Fj5KdJBAgQIECBAgEB1BITH6syFnhAgQIAAAQIEKi8gPFZ+inSQAAECBAgQIFAdAeGxOnOhJwQIECBAgACBygsIj5WfIh0kQIAAAQIECFRHQHiszlzoCQECBAgQIECg8gLCY+WnSAcJECBAgAABAtUREB6rMxd6QoAAAQIECBCovIDwWPkp0kECBAgQIECAQHUEhMfqzIWeECBAgAABAgQqLyA8Vn6KdJAAAQIECBAgUB0B4bE6c6EnBAgQIECAAIHKCwiPlZ8iHSRAgAABAgQIVEdAeKzOXOgJAQIECBAgQKDyAsJj5adIBwkQIECAAAEC1REQHqszF3pCgAABAgQIEKi8gPBY+SnSQQIECBAgQIBAdQSEx+rMhZ4QIECAAAECBCovIDxWfop0kAABAgQIECBQHQHhsTpzoScECBAgQIAAgcoLCI+VnyIdJECAAAECBAhUR0B4rM5c6AkBAgQIECBAoPICwmPlp0gHCRAgQIAAAQLVERAeqzMXekKAAAECBAgQqLyA8Fj5KdJBAgSSBU4vhoWFhd598XS/hdOL/e0LC4uh99byyXAsV+fYyeV+pVHv9UtlzwbbXwgD7RTKdl6eDov5fsSNI/o/tInYv2MnQ67Hg23kAQoNLJ881nNaWDgW8sPuFo1lth5Ht7RHAgSmXUB4nPYZNj4CtRMohLEs+K2HxELIikGvE4qWw8lj+eAU2+i/juV6+Svf3gbbYjsbChQ2xM+JYTYXYsOI/hdqZy+z/iyEhXx4LIxz8/A3+FlZkOwNdP3D1tsXHofh20agngLCYz3n3agJ1EggBrpO+NsQogohK4/SD5aDASuWGQiT+UrF4DfwXuHFeihbPL2x/cGS/f4Pbu+uUB4LJ08XVh7jymUuTOZDYf55tsI5EBaLfemE4cVFK48b7G0gUGMB4bHGk2/oBOohEANRZxVxaHgcWPXriuQDWzFQdcLj0JW4LIwe6+/+zgW4bssbHze2P1im3//B7blXG0Lw6bCY++wN4+5WjSFzQ3jsr7h263Ufu9U8EiBQbwHhsd7zb/QEpl6gv4I4JPRlq3/5XcYdjhiWeqFqSJl8mwOAhRW/EOsOhLOB0usvRofHTT8r39SG8BhC9tnrx3AODbpZkdw4s/byQbXfL+Exj+05AQLCo+8AAQJTKzAQAtfD0kCQGhIMs125uVW7MGRXdCfQnc52h3dPzBlotyvabT977J6o01/Z6xTrh7Rute5jsf/d7Rsei+GxEGI3bWfEymMcYzf3Co8bxG0gUGsB4bHW02/wBKZXIAtMAyEwLsYVjt0bFro27MbeGO7ywWqkYLH9oYU3th+LDev/0OqdwgNnW29YrczC68YV1s2PeYx96obd3GM3TW7aEW8QIFAHAeGxDrNsjARqJhDDU2+3c37shTCXBbT1QDQqrA2GxRisiquHnQ/Jt5dtOb1Y4hI3G8Pjpv3PjyX/vDCuGAoHVkILK5H9qoXP3qRcHNdAe/0GPCNAoIYCwmMNJ92QCUy1QLbKllstW19B62TEzokw3V3N/UvkDF9p6wWmGKpyK3G97UMgs+DXLVtqpa4Q4Eb2f8gHxk3F8Nhduez2I7eaWgy4A/0dEYpHjXmTXtlMgMCUCgiPUzqxhkWAAAECBAgQmISA8DgJVW0SIECAAAECBKZUQHic0ok1LAIECBAgQIDAJASEx0moapMAAQIECBAgMKUCwuOUTqxhESBAgAABAgQmISA8TkJVmwQIECBAgACBKRUQHqd0Yg2LAAECBAgQIDAJAeFxEqraJECAAAECBAhMqYDwOKUTa1gECBAgQIAAgUkICI+TUNUmAQIECBAgQGBKBYTHKZ1YwyJAgAABAgQITEJAeJyEqjYJECBAgAABAlMqIDxO6cQaFgECBAgQIEBgEgLC4yRUtUmAAAECBAgQmFIB4XFKJ9awCBAgQIAAAQKTEBgZHtcuXwqXW5+Eix9/FC58+H5YXjwezhw/mt3j87gtvhfLxLJuBAgQIECAAAEC0y2wITyunD8XPv3Dh+Hsu2+HM+8cSbqfPbGQhcnYhhsBAgQIECBAgMD0CWTh8caNGyEGvnPvHU8Ki6PCZWwrthnbdiNAgAABAgQIEJgOgcbqheWwvPjujoXGYqBcfv9EWL14YTq0jIIAAQIECBAgUHOBRhb2Fg6H9qHXQ/vV30wsRF46/QerkDX/shk+AQIECBAgsPcFGu3DB8LSf/x7aH31a6H12GMTC48xpMYTbK5fuzoRtevXr4e1tbWwuroarly5Usl77FvsY+yrGwECBAgQIEBgLwo0Wl96JDT/9M9C8zO3htajfzPR8BgDZNxFfm1lZUetrl69WsmwOCrExj67ESBAgAABAgT2mkAjhsbe/c67QvPBh3f+/tDDofXEE2Hp5/8d2kcOhHgc5E6sQGYn+qys7Lng2A2VKysrduXvtV+M/hIgQIAAgZoLDIbHfJCcxPO7Z8PSM89kq5txF/Z2z8TeiyuO3eDYfbQCWfNfoOETIECAAIE9JrC74TEG0js+H9ovv5gFyEufnBqbKx432A1ge/1xuyF6bEQVCRAgQIAAAQKJArsfHmOAzJ2Ys3bpYmKXO8XjiSd7PTR2+x/H4kaAAAECBAgQ2AsCg+Hxltv6xz9OYrd1t83Z+3on5pz/YHEsp3i8YDd87fXHeBa2GwECBAgQIEBgLwj0w+Mtt4XW44+H5t/+XWjefudkQ+S9+3rhMZ6Bvfpp+kXE93pgLPZ/L3xZ9JEAAQIECBAg0A+Pj34lnHn7cGgfnQ/tF38dWnNz2fGJzc/evvNBshAe4+V7Uo/7K4avvf7aV5EAAQIECBAgsBcEOuHxntmw9PPnB1YDzywcCe0X/je0/vnJ0Hzk0dD83F/sXIgshMe4+njl3Jkkr70eFov9Txq8wgQIECBAgACBmyTQaN56R2h9//uhfeTgYHh850j2uv32fGi//nJYeu7Z0Pr7f+isRnaPXRz3cUh4vPjxR0kExfC1118nDV5hAgQIECBAgMBNEmg0H340tA+8NjQ4xhXB4r392kuh+Y/f3DxE3pK76Phm4XJIeDx7YiFp1/VeD4vF/t+k+fexBAgQIECAAIEkgcbSL362ISAWA2PxdXvhcHatxtaTT4Zm/HvDz32+t0u79cTjofW973V2dd91b2j+SeevD3v/YhMD5ZDwGD9j7fKl0p0vhq+9/rr0wBUkQIAAAQIECNxEgUY8trEYDku/jiHyjVfC0rP/GVrfeCw077wrLP3bv4YzcfuBV8PS8z8NrR88HVpf/Vpo/vndvYC5WXhMuWj4Xg+Lxf7fxO+AjyZAgAABAgQIlBZolA6KQ3ZhZ3VjUIz3w2+GpV/9MrRfeqEXRrPtRw+F9qE3wtIL/xOaDzzUCZCbrDzGvywseyuGr73+uuy4lSNAgAABAgQI3EyB7YfHzUJlYXv7yIHQfOQrI8Pj+d/9trTFXg+Lxf6XHriCBAgQIECAAIGbKFCp8Hjut++UpiiGr9TXp/bPhpmZmcH77P5w6tT+MDszE2b3n1r/B5tTYf/sTJiZmw+b1rlyZdv/dlN64AoSIECAAAECBG6iQKXC45ljb5WmSA2Lo8vPh7mZmTA3vx4CswA5G/afutIJjDFUbgiIhTob3k8LlKUHriABAgQIECBA4CYKVCo8nj1+tDTF6DCYEtw6K4v9lcZO3f4qYydEDn7e8DqDZVL6cKX0uBUkQIAAAQIECNxMgUqFx3PvHS9tsZ2glq87P9fZJZ3f1nneWVkshsr43uZ10gJj/jNLD1xBAgQIECBAgMBNFKhUeDz/wWJpinzwGvd5tro4dJf0ekCcnQ2zM4Mrj6PqjNuPWM+NAAECBAgQILAXBCoVHj/9/cnSZtsJalnd+bkwMzMX5ocdq5h7byAs5rZv+/MLn1t64AoSIECAAAECBG6iQKXC4x+XPilNsd3wlp1BXTzbOobJLCDmTp650j3b+teds66H1SkEwXH6VnrgChIgQIAAAQIEbqJAI/s3mMMHwtJzz4alp57KHuMFv8e9eHg7tvWT58LS009l/zwTX2efUeI6j1f/eLk0xTgBrcp1Sg9cQQIECBAgQIDATRRotI8eCq0fPh2at98Zmp+9PTRvuyMLfuOGx6Uf/yg0b+u31Xr88dB+62DY6iLhZ08shBs3bpSmqHIQHKdvpQeuIAECBAgQIEDgJgo02q+9FJp//Uj/f6c/c2to3vdAGOs/rxeOhOb9Dw629Zd/Fdov/XrL8Hjx1O+TGMYJaFWukzR4hQkQIECAAAECN0mgEx4f/NJg4PvifeOHx333D7a17/7Q/s2vtgyPKxeWkwiqHATH6VvS4BUmQIAAAQIECNwkgUb7yMHQ+u53O7us46rjLbeFuKt53JXHpSf/KWuj2W3rW98O8RjKUbutlxffTdplHa3GCWhVrnOT5t/HEiBAgAABAgSSBDonzBx6I7R+9ExofX0uLD3zw9A++Nr4J8wcej0s/fhfsrZaP3g6tA++vuUJM6mrjnGEVQ6C4/QtadYUJkCAAAECBAjcJIGbfqme8797b6yhjxPQqlxnLASVCBAgQIAAAQK7LLDL4fHRzvGQ9+7rrWyuXfx0rCFXOQiO07exEFQiQIAAAQIECOyywO6FxzdfDc0v7BsIj5f+7+OxhztOQKtqndXV1bEdVCRAgAABAgQI7KZAY+kXz4f2yy+G9isTur/8Ylj65c9C6xuP9U6kaX3nO+HCyfeTT5LJw1Q1CI7Tr6tXr+aH5jkBAgQIECBAoLICjebds51rMz7wUGhO4h6v+3jPF3vBsXnPbDh76EC4fu3atlDGCWlVrZNycfRtoalMgAABAgQIENimQCO7pE68rM5u3O+8K7R/8ly4tnJlm92enrOtr20zRG8bUgMECBAgQIAAgQSBRvPhL4fmw49M+P7l0PrWt8P5tw5ve8WxO7aqriKm9GtlZaU7HI8ECBAgQIAAgT0h0Gi/+UrYjXs8OWYnd8+mhLQqlnWc4574fegkAQIECBAgUBBorF26GJbfP9G7dM6Zd47s6PPzH7wX4mfs9K2KgXCrPsWzqtfW1sL169d3mkN7BAgQIECAAIFdEWjET4krgqsXlsO5947vWHCMba2cT/u/6l0ZsQ8hQIAAAQIECBAYWyALj/naK+fPhYsffxTOnlhIDpKxTqwb23AjQIAAAQIECBCYPoEN4TE/xLXLl8Ll1idZILzw4fthefF4OHP8aHaPz+O2GBZjmVjWjQABAgQIECBAYLoFRobH6R660REgQIAAAQIECKQKCI+pYsoTIECAAAECBGosIDzWePINnQABAgQIECCQKiA8poopT4AAAQIECBCosYDwWOPJN3QCBAgQIECAQKqA8JgqpjwBAgQIECBAoMYCwmONJ9/QCRAgQIAAAQKpAsJjqpjyBAgQIECAAIEaCwiPNZ58QydAgAABAgQIpAoIj6liyhMgQIAAAQIEaiwgPNZ48g2dAAECBAgQIJAqIDymiilPgAABAgQIEKixgPBY48k3dAIECBAgQIBAqoDwmCqmPAECBAgQIECgxgLCY40n39AJECBAgAABAqkCwmOqmPIECBAgQIAAgRoLCI81nnxDJ0CAAAECBAikCgiPqWLKEyBAgAABAgRqLCA81njyDZ0AAQIECBAgkCogPKaKKU+AAAECBAgQqLGA8FjjyTd0AgQIECBAgECqgPCYKqY8AQIECBAgQKDGAsJjjSff0AkQIECAAAECqQLCY6qY8gQIECBAgACBGgsIjzWefEMnQIAAAQIECKQKCI+pYsoTIECAAAECBGosIDzWePINnQABAgQIECCQKiA8poopT4AAAQIECBCosYDwWOPJN3QCBAgQIECAQKqA8JgqpjwBAgQIECBAoMYCwmONJ9/QCRAgQIAAAQKpAsJjqpjyBAgQIECAAIEaCwiPNZ58QydAgAABAgQIpAoIj6liyhMgQIAAAQIEaiwgPNZ48g2dAAECBAgQIJAq8P/ryBgJujFCcQAAAABJRU5ErkJggg==\'>',1589357784,'readed','to_visiter'),(292,'6e9h7',1,1,'鼎折覆餗',1589363744,'readed','to_service'),(293,'5ebce471',1,1,'测试123',1589437800,'readed','to_service'),(294,'5ebc1989',6,6,'，',1589441855,'readed','to_service'),(295,'5ebc1989',6,6,'，ali',1589441867,'readed','to_service'),(296,'5ebc1989',6,6,'<img src=\"/upload/emoji/emo_07.gif\"> ',1589441899,'readed','to_service'),(297,'5ebc1989',6,6,'nh',1589441942,'readed','to_visiter'),(298,'5ebc1989',6,6,'hfbbc',1589441960,'readed','to_visiter'),(299,'5ebc1989',6,6,'阿里郎',1589441965,'readed','to_service'),(300,'5ebc1989',6,6,'sgdd',1589441995,'readed','to_visiter'),(301,'5ebc1989',6,6,'了',1589442002,'readed','to_service'),(302,'6e9h7',1,1,'<img onclick=\'getbig(this)\'  src=\'data:image/png;base64,iVBORw0KGgoAAAANSUhEUgAAAMYAAADLCAYAAAA1BeyDAAAfy0lEQVR4Ae2dWY/UyLLHzze7z/cD1PPVfIEjnQe2ggbBsK+DhJDKw3IQFAjUCKiDhAp4QDUS+04BDcMMyxEHmkYCcRhWobj6hzPtcJZdVV1tZ5fbYankLZeoyPg5Mp2L//Y///t/NM4/0k01MA8a+Ns4QwHZdFMNzIcGFIz50LrmOfYaUDDGvohUwPnQgIIxH1rXPMdeAwrG2BeRCjgfGlAw5kPrmufYa0DBGPsiUgHnQwMKxnxoXfMcew0oGCMU0efPn+nt27f06tUr+ve//01//vknPX78mH84xjXcQxiE1a18GlAwhiyzDx8+0H/+8x/6/fffaWpqalY/xAEoSEO3cmhAwRhQTjDmP/74Y1Yg9AMHaSkgA5Q+BrcVjIxC+O9//8tVpH5GPpd7z549o48fP2bkrpfnWwMKRkoJvH79mj3Ew4cP6c6dO3T9+vXcPIYLE/Lysk23qV5v07TJbLpdp1rQFVlPU7tep7YNIO70HnYpqA0btjd2Ga4oGKKUvn//Ts+fP2cI7t27R2fOnKHdu3fTvn37CgMDoKCx/uPHDyFJEYcw/BrVBBzdoEZ1SwLAqQUkUeknBYMl0uoXlu91A6q56fO1GtVq8S+Sh4g4j+heNoi9kCNH83+j+Mhj+P+nYJgSff/+Pe3atYvOnj1LFy5coO3bt9PSpUtp0aJFtHPnzkLBABx4m/Xt27eB9jW3AHjSx0YYG2RAbXgQ9x4bflactHRwLc2AbRpJwwSYCacl/5wLUga4ETxuQo6HlEnL46lWgxoN+2vRlLmpYBDx0xrKAQQrVqygJUuW8DHO8Vu5ciVt2bIl99/WrVup2WxSp9OhbrdLT58+LcxzJI0wfJpGtpRhdKGNwKitQZuncBRRmhiOcb8XDM47cD1GelibYq9HghwibZY59AJBUHOqhUQEsDLlNLnMdKjZ7NCMOQUkzU54pmAQcVVm48aNCRgsFD72a9asoRMnTrBXQrWqkM1UW0JbSYIBI6zXez2GtKvoyex6FXEuw0f/wRqo6wGoS0G9TnURX1aj2LAjILlelazqTbepbep9AM+FoPc/WbgjyWim04xA4KsClMqD8ebNGzbI+QQD8E1MTNC1a9dYFshUyGaN1K1/O22FpKEZLwEDDgKuiiUMGAbO99JaJ8IruGDwE194ANOmSKQdeYVk28jVTVLe8G7vNen5wjCpYDTC6lSlwfj06VPUdphvMACHbORDtuI2US2JYAlz4yetbZBnCJD0Hr1PYhstkZYLhg0k9yIM5yGBTQHJRu2FwN6R+xBwCZ6sOnFIeAwFgwh9Cfb1aT8wFi9e7KWatW7dukieFy9eyFLN5xiGFzWozdOawQg9QW/je5Im8SZLVHdwLI2LrMeQYZAHDFkatjD6zD/Dxg/QklU9Gz4LgKzrNp7dI5yUXT2G1YzYowPPQoF9FhiA4tChQ/zmYvny5YUCsnbt2oRMeXcARoYRGWBvIzXxlBf6SnqJXlhcYLLDh0D2eATkFYE7VzDC6l2yzdObZioYpjFe2aoUXo8OAwZe1T548IDu379Ply9fpr1793J7wH1zlUcj3QUDMua3wTCEURqrYQMVFoRz+VS1+bvh7HW7z4pn76c3ppNtDIBrRenNT1T/okTDgzSP0XPN9WCIKhrb4WmTGi28sJ2hSoLx7t27BBRZHgOGilepEiD0hl+6dImOHTtGO3bs4Ne7eUCBNFwwkC/6V3LZIi+RNDDXoN1zmzcbqqwupRynAWXj94CBGyxT7H3c+G6eFpooTXPQA4G8HsmZ1haaoU7T9mFgX/F+jJcvXyaMPQ2MZcuW0eTkJPcvSDDsMbzIzZs36dy5cxQEAXuRuQKSBgZG9OaxsZEF3bA3GRbGdX4YpWhrGCNKM0AbP0sW3HcNOytsGa5X0mNg7oQ1cLt32xjo+cY4KXt/0P7GjRu0f//+TECGacCngfHkyZMy2NGCk7FyYMhXtNLYJRirVq3qqULJsFnHqGahL+Lo0aM8pAS96NaLoIf7yJEjXP1avXp1NNzE3s+qSiGvYl/dLjibzuUPVQ4M26HnGrcFA1WokydPEozcDTPsOeKimtVut7mxjiElp0+f5jRv377NY7GOHz/OAxQBoYUjzWMgz8I6/HIxoYWZSOXAwJCLNAO3YGBM1K1bt1LDpMXLugY48MMo3YsXL9LVq1ejNHEdb7nu3r3LDfnNmzczHFlgFDZMZGHadC7/qnJgYKBemjFbMLZt2zartkVaWrO5hsGDeLvVryqFjkjd/GqgcmBkzdkeZzC0Ae4XCuRWOTAePXpUOo8BmXXzq4HKgZH2qhZVn3H2GJBZN78aqBwYWSt+jDMYkFk3vxqoHBgYtZrWOB5nMAoZaevXzkqXW+XASBsOMu5VKcism18NVA4MLJtZNo8BmfPbMHAuHiw31WqSmeaczGKqJRYJkAPtGsQDUE1oTPax5xjGbY+TiaWduQP4knmkLVCQlkpR1yoHxpcvX4YCw3bOYZAgBhNij866NKiGuYa458+fJ/R4o0cc58hjmH6Mr1+/5lj+Agxn2HVqJgCkx9qnqGXmLUgwMFy70zKLC2SClQFiaubzd7FyYEDV6BdwjdltY6BnGmOeMDkJcy+wWACM2o037PmpU6c4DZsW0kYeg8DIrQ8DELCBx2DAqOMnsziOQIjD8tyF6LoLhvv0jz1ScjKQSG/+bH6onCsJhl1pUBq1CwZGy2J4iB3HhP2GDRtGGkMFz7Bp06ZEWkgbw0QGgZHbSoUuGOaJHtk6EbnVKrdqFJ+7YAhbczxMHAdhFIzcvh0uVJ7boTutFYCkgeEa8/r160cGA1BJyJD2lStXBoIBWXPZHDBaaFt0WmL5GBitrOZMUStaiEx4E57MkwWGNXy7xyQ52e6Ir+fynwpMpJIeA/rMmtpqx0rhSX7gwIFo8TU79xtPf+lphjlGHFSd7JwM7JE22hn9PEauU1sdMMIV96aoFbmM2Nhde5PGPTMzRfiltTEQrtFIAtfTBhENf8psh8QgRuK5QhV8XlkwXK/hegwYMyYqYSG0PXv28H42E5dcYBAX7QykhbYKzpFHPzBy8xYwolQwRPVpSnoPEz7VY8CrpICB+K0WNZstakWex/VC6jHGuiplHzZ2Aee0qpRr2EWdZ4EB2XLdGIyWqR7FjeMQGFyX1ahkztJjhHd6wZjqdGgGefDbKgNAdG7Ti+PZK+O6r6zHQIH89ddfUbXIegysJzsXzzBbgLLAgGx5bmE1B0C4T23TluhTZ+kFI5YsUVVKgIB84j6OMIaCUQqPgcKanp5mOGxD++eff46WypytkY8SHpOiMEFJzseATMVtMRhRmwDrGHN9P91rhOFsvT8ZJgsMfhXswpYAp7h/mEfKlfYYVoGYIXf48GE2TjSMf/31V57zjfnbRf5+++03nvpqG+UHDx7kBaatXMXsQzBa6MNwDZe9SXg9AYNYETyUKfQGYR+IUy1DWEAWxZFhYw/C4KS2YSyAYt8jZzGakakqGOYzAHhDBG+BJzcMFSuQw4tg2mkRP6SN/CwUOMZU1+I/ICOLX4+zNKBgGM3goy34YIxcnED2OxR5jMUSMFyk+A/HZJmBXnc1oGAIjeBpjVeoWKsW60r5+KE/A3mqpxAFMQaHCkZKIaDxi0axj1+xDe2UP6eXhtKAgpGhJixyJj8TMMobp35x0E+hC6llKH8MLisYAwoBvc9Z02H7GX7WPaSVa4/2APn19mgaUDCG1NuHDx/o1atXlLX8ThYIuI44WJwZaehWDg0oGCOU0+fPnwmz6gAK+kAw2A8reeCHY1zDPYRBWN3KpwEFo3xlphJ70ICC4UHJmkX5NKBglK/MVGIPGlAwPChZsyifBhSM8pWZSuxBAwqGByVrFuXTgIJRvjJTiT1oQMHwoGTNonwaUDDKV2YqsQcNKBgelKxZlE8DCkb5ykwl9qABBcODkjWL8mlAwShfmanEHjSgYHhQsmZRPg0oGOUrM5XYgwYUDA9K1izKpwEFo3xlphJ70ICC4UHJmkX5NKBglK/MVGIPGlAwPChZsyifBhSM8pWZSuxBAwqGByVrFuXTgIJRvjJTiT1oQMHwoGTNonwaUDDKV2YqsQcNKBgelKxZlE8DCkb5ykwl9qABBcODkjWL8mlAwShfmanEHjSgYHhQsmZRPg0oGOUrM5XYgwYUDA9K1izKpwEFo3xlphJ70ICC4UHJmkX5NKBgjFBm+qmxEZRWsigKxpAFhg9L4gOTo36cEt/k049TDqnsMQimYAwoBBhz3p8zVkAGKH0MbisYGYWAb3HjC6z9PlM8l3vPnj2jjx8/ZuSul+dbAwpGSgm8fv2agXj48CHduXOHrl+/XhggyMvLNt2mer1N0yaz6XadakFXZD1N7Xqd2jaAuNN72KWgNmzY3thluKJgiFL6/v07PX/+nCG4d+8enTlzhnbv3k379u0rDAx4HXwX/MePH0KSIg5h+DWqCTi6QY3qlgSAUwtIotJPCgZLpJUaltOsUa0mfgkYU2PxxWHSh/xx2q7sgNfcr7fpAR4E5pxF6AbRub0e6iLUk4Jhyub9+/e0a9cuOnv2LF24cIG2b99OS5cupUWLFtHOnTsLBQNwoNr27du3bEvJ5Y4wFms0vA+oLQzHGkoIUVYcaZTyOPYkMO4IvFnKPwiMnvswdAlq4jw0dskkoML5VKtBjYb9tWjKyKlgEPHTGsoBBCtWrKAlS5bwMc7xW7lyJW3ZsiX339atW6nZbFKn06Fut0tPnz4tzHNYQwjL3TGUvt4CYNinsfE60sISBo/7MRjJPBMBzYkDnUg3NPyAAng5+aS3MeEtRHgS/4HjCvD/IY5DeIycjzvUbHZoxqQJSJqd8EzBIOKqzMaNGxMwWCh87NesWUMnTpxgr4RqVSGbqTqEtpQEA4ZUr8dVjTRDdI3NhpF7aadEofHVhWEnDJlCKOI4oUzWw9j87Hlo+OFTHvrh+5kegoj6eowuBfU6rZr4hX6Z+InB43xmYlAqD8abN2/YIOcTDMA3MTFB165dY1kgUyEbjIUtMTTCyKilgbFNyaexCBsEXG+PjJWFNE/92MKN6K7hG2M14diw3TjuU7+vXCY96w3ctPqBwfnU6V/tZuQhIE/9X21qNsLqVKXB+PTpU9R2mG8wAIds5EO24jYYranyRLCEubGB2AZ5hgBs1NYgo2pWRmB52Rgkkk82nOPqUs2klwYOXzOwcHwJA/6HlKUfGEYmWXViD/NTg/6pYBChL8H2RfQDY/HixV6qWevWrYvkefHihTSpfI4jY3HBCD1B5EGs0dcnaVJWhcz1VI9h42DvPOlj4eN8eww7DsRH/cGI04mjJati/atSYayZTuwxuKqmYBChA89CgX0WGIDi0KFD/OZi+fLlhQKydu3ahEx5dwDCGNmoRZWFDUg8eWGQScMPjYgNVRp/ynEinvsERzIiX/n0j407Pkq7H8M0NzBs2o8lGJB31WE6aBrjla1Kub3aWWDgVe2DBw/o/v37dPnyZdq7dy+3B9w3V3k00l0wIGN+G56oYfWJDcPAII+RF84TBm4EcMO5cvXGg/HGjeXetMP7Mi/Ow3gbPpbxGbTkGy8ZV0LHskXekXPmPpyIf1ulE2+lAF3jZJMaLbywnaFKgvHu3bvEkznLY8BQ8SpVehb0hl+6dImOHTtGO3bs4Ne7eUCBNFwwkC/6V3LZoqd18mnrGrR7bvO2htpT3RKeI2GoHDE0/ihOZJkmVZZJtC9EFYzzC9php6TJw43OHiTKP4YmzFr2a4TVrER8zvsnmvjF9mFgX/F+jJcvXyaMPQ2MZcuW0eTkJPcvSDDsMbzIzZs36dy5cxQEAXuRuQKSBgZG9OaxhYbWDV9zwkL4CQyjFI3wDANE/jZ+liy43wtGVujxv15Jj/H48eOBYKDnG+OkLAiD9jdu3KD9+/dnAjJMAz4NjCdPnoy/FS1ACSsHhnxFK41dtjFWrVrVU4WSYbOOUc1CX8TRo0d5SAl60a0XQQ/3kSNHuPq1evXqaLiJvZ9VlUJexb66XYBWncNfqhwYtkPPNW4LBqpQJ0+eJBi5G2bYc8RFNavdbnNjHUNKTp8+zWnevn2bx2IdP36cBygCQgtHmsdAnoV1+OVgQAs1icqBgSEXaQZuwcCYqFu3bqWGSYuXdQ1w4IdRuhcvXqSrV69GaeI63nLdvXuXG/KbN29mOLLAKGyYyEK16hz+V+XAwEC9NGO2YGzbtm1WbYu0tGZzDYMH8XarX1UKHZG6+dVA5cDImrM9zmBoA9wvFMitcmA8evSodB4DMuvmVwOVAyPtVS2qPuPsMSCzbn41UDkwslb8GGcwILNufjVQOTAwajWtcTzOYBQy0tavnZUut8qBkTYcZNyrUpBZN78aqBwYb9++LZ3HgMy6+dVA5cD48uXLUGDYzjkMEsRgQuzRWZdWDRvmGuKeP3+e0OONHnGcI49h+jG+fv2av1WI+c001TLDrUfIRqZDM9RpmtGqPHx7hPTGJErlwIDe0S/gGrPbxkDPNMY8YXIS5l5gsQAYtRtv2PNTp05xGjYtpI08BoFRWB9GwqDzssYpaomh23mlOh/pVBIMu9KgNGoXDIyWxfAQO44J+w0bNow0hgqeYdOmTYm0kDaGiQwCI9eVCuEZzBpKrU68Iob0GJjuacM0oqVl4Ama1GrF9+wyMxQBBijs3IYmtY43KOE05uKV5oGMSoLhTmsFIGlguMa8fv36kcEAVBIypH3lypWBYEDWXDYYsHia80Jj1vCt0aaECQEwVSRr6RyuSbwEUwQGpBQew6ZphEd+Nnou/6fgRCoJBnSaNbXVjpXCk/zAgQPR4mt27jee/tLTDHOMOKg62TkZ2CNttDP6eYw8p7ayJ5CWKQ3aGjEbfLzoWGx7IRhx9NCD9AVDQpI4jlMd56PKguF6DddjwJgxUQkLoe3Zs4f3s5m45AKDuGhnIC20VXCOPPqBkZu3wCxmOfEfFpkGhr0uqkThwnwCBLZmcS7TcQCIvIQFb5xJcGSrLBjQg13AOa0q5Rp2UedZYEC2PLehPIaTIcfh6pYAgcOI8z5g2LZLBIiT/jifVhqMv/76K6oWWY+B9WTn4hlmC1AWGJAt142rSaZdgNYAFjMe0Mawho1VM9D4Nsu68ioa0Xk/MNiDJBcZyPU/FZhYpcGAXqenpxkO29D++eefo6UyZ2vko4THpChMUJLzMSBTIRuqNLN5KxU11kcFwwAYN04K+VtFJFp5MKBUzJA7fPgwGycaxr/++ivP+cb87SJ/v/32G099tY3ygwcPsixFFHTfNOfSBkh4jL65lOqmgmE+A4A3RPAWeHLDULECObwIpp0W8UPayM9CgWNMdS3+AzJJ++QqVWO0V6ncBmmkvcVK5lHGMwXDlBo+2oIPxsjFCWS/Q5HHWCwBw0WK/3BMGU10fmRWMITe8bTGK1SsVYt1pXz80J+BPH17CvG39TBFAwpGilLQ+EWj2MevsIZ2yv/SS8NrQMHI0BUWOZOfCRjljVO/OOin0IXUMpQ/BpcVjAGFgN7nrOmw/Qw/6x7SyrNHe4D4entEDSgYQyruw4cP9OrVK8paficLBFxHHCzOjDR0K4cGFIwRyunz58+EWXUABX0gGOyHlTzwwzGu4R7CIKxu5dOAglG+MlOJPWhAwfCgZM2ifBpQMMpXZiqxBw0oGB6UrFmUTwMKRvnKTCX2oAEFw4OSNYvyaUDBKF+ZqcQeNKBgeFCyZlE+DSgY5SszldiDBhQMD0rWLMqnAQWjfGWmEnvQgILhQcmaRfk0oGCUr8xUYg8aUDA8KFmzKJ8GFIzylZlK7EEDCoYHJWsW5dOAglG+MlOJPWhAwfCgZM2ifBpQMMpXZiqxBw0oGB6UrFmUTwMKRvnKTCX2oAEFw4OSNYvyaUDBKF+ZqcQeNKBgeFCyZlE+DSgY5SszldiDBhQMD0rWLMqnAQWjfGWmEnvQgILhQcmaRfk0oGCUr8xUYg8aUDA8KFmzKJ8GFIzylZlK7EEDCoYHJWsW5dOAglG+MlOJPWhAwfCgZM2ifBpQMEYoM/3U2AhKK1kUBWPIAsOHJfGByVE/Tolv8unHKYdU9hgEUzAGFAKMOe/PGSsgA5Q+BrcVjIxCwLe48QXWfp8pnsu9Z8+e0cePHzNy18vzrQEFI6UEXr9+zUA8fPiQ7ty5Q9evXy8MEOTlZZtuU73epmmT2XS7TrWgK7Kepna9Tm0bQNzpPexSUBs2bG/sMlxRMEQpff/+nZ4/f84Q3Lt3j86cOUO7d++mffv2FQYGvA6+C/7jxw8hSRGHMPwa1QQc3aBGdUsCwKkFJFHpJwWDJdJKDctp1qhWE78EjKmx+OIw6UP+OG1XdsBr7qfImUif5UyCrmCYsnn//j3t2rWLzp49SxcuXKDt27fT0qVLadGiRbRz585CwQAcqLZ9+/Yt21JyuSOMxRoN7wNqw4MkrlmIsuJIo5THsYHB+CLwZil/wnBT4vbc7wYJ6Mk9d9Kw8a+1GtRo2F+Lpkw4BYOIn9ZQDiBYsWIFLVmyhI9xjt/KlStpy5Ytuf+2bt1KzWaTOp0Odbtdevr0aWGeA0/X+GEdeo/ovK+3ABj2aWy8ThTRsTZKVseSebphce5AJ9INDTegAF7OACtuE3sLeUH8B44rIA+DybzqFAR1qq06TAebHZoxHgM28MvET5yfgkHEVZmNGzcmYLBQ+NivWbOGTpw4wV4J1apCNjxBaxaOJBgwpHq912Mk7a73vjVYu5fhyUBSF4adbNOEhhrHCWWyHsYatz0nNl4rP1EITtxm6vEQCY8R5uWm9dPWvXSwM4PEqA6QLCg0TZUH482bN2yQ8wkG4JuYmKBr166xLJCpkA3GwpZonvz2qerUwZNPYxE2CLjeHhkYC2mexLGFG9Fdw4eDsPkbw3bjuE/9vnKZ9Ox/cNOSYOA48nqheAArCUad2o871GyE1alKg/Hp06eo7TDfYAAO2ciHbMVtMFrTFhDGivzYe9gGeYYA9mkeegpbzcoILC+bKguSZ/isUSf2YXqch2PsfM3AkoTXQiJkEWDIeJE43YD+vrMhPEZA3RkFg/WDvgTbF9EPjMWLF3upZq1bty6S58WLF1EZ5nYQGYsLRugJbJUo2tcnaVJWhYwBp3oMadzOkz6WP863x7DjQHzUH4w4nThasiomq1ZZYCQ9hoLBukQHnoUC+ywwAMWhQ4f4zcXy5csLBWTt2rUJmfLuAIQxslGLKous3kAxMKKk4Yemx8YljT/lOBEvpfoS1uWFR8gEyFS1nPsxTLMDg//jsFUpNMaJqtvGcHu1s8DAq9oHDx7Q/fv36fLly7R3715uD7hvrvJopLtgQMb8NjxRw+qTfBrL44FgOFUbKVsvUDDeuLHcm3Z4X8LEshgY+FjGZ9DiV8ER5FYICTuuRd6Rc+Y+nCgvDisa2+b8p8Y/qdHCC9vL1QTj3bt3iSdzlseAoeJVqvQs6A2/dOkSHTt2jHbs2MGvd/OAAmm4YCBf9K/kskWGk3zaugbtntu8raFG1axBHoMjhsYfxXHBsgZq0xIegvML2mGnpLnvRmcPYuPaNpMVOAEGLkpZTL9N/V/Ubto+DOx30t9NepVsfL98+TJh7GlgLFu2jCYnJ7l/QYJhj+FFbt68SefOnaMgCNiLzBWQNDAwojePLTS0bviaExbGT2D0EYhGeIYBIn8bP0sW3I+eyFmBSnS9kmA8fvx4IBjo+cY4KQvCoP2NGzdo//79mYAM04BPA+PJkyclMqeFI2rlwJCvaKWxyzbGqlWreqpQMmzWMapZ6Is4evQoDylBL7r1IujhPnLkCFe/Vq9eHQ03sfezqlLIq9hXtwvHmPP8J5UDw3boucZtwUAV6uTJkwQjd8MMe464qGa1221urGNIyenTpznN27dv81is48eP8wBFQGjhSPMYyLOwDr88LWmBpVU5MDDkIs3ALRgYE3Xr1q3UMGnxsq4BDvwwSvfixYt09erVKE1cx1uuu3fvckN+8+bNDEcWGIUNE1lgxpzn36kcGBiol2bMFoxt27bNqm2RltZsrmHwIN5u9atKoSNSN78aqBwYWXO2xxkMbYD7hQK5VQ6MR48elc5jQGbd/GqgcmCkvapF1WecPQZk1s2vBioHRtaKH+MMBmTWza8GKgcGRq2mNY7HGYxCRtr6tbPS5VY5MNKGg4x7VQoy6+ZXA5UD4+3bt6XzGJC5mG2GOs0G8YDS1AxwP14gIBFkqkVNTAtdoFvlwPjy5ctQYNjOOQwSxGBC7NFZl1YNG+Ya4p4/f57Q440ecZwjj2H6Mb5+/ZqD+YUQxCtiyFGlznFriqZaAMaAgZltZp5CeB3iTFHLXMtBuLFLonJgoATQL+Aas9vGQM80xjxhchLmXmCxABi1G2/Y81OnTnEaNi2kjTwGgZFfHwaMvEn2IT/TaSY9xVTLzEUwNgoYWh32GC2GBCy0qCFgQBrh/IWxs+s5C1RJMOxKg9KoXTAwWhbDQ+w4Juw3bNgw0hgqeIZNmzYl0kLaGCYyCIz8Vio0YHRaYh2lBjWaTWpG6yqFniOuWhmPATMT86Gl1S1UOCoJhjutFYCkgeEa8/r160cGA1BJyJD2lStXBoIBWfPZhMdA+6DZZEDCdsIMzQCYVos6xqWgypSodsW05CPOmKdSSTBQJllTW+1YKTzJDxw4EC2+Zud+4+kvPc0wx4iDqpOdk4E90kY7o5/HyHdqq/AYrSmyVSl+4mPJGFOVSngAx0v0wAJPs0CBqSwYrtdwPQaMGROVsBDanj17eD+biUsuMIiLdgbSQlsF58ijHxj5eQs8CkIwWq3QUyS8gVOVsm+bQmhQ3QoXCOCHvHwbxe0Qu6jlmLuAWYr3/3Sq8Dys4UH9AAAAAElFTkSuQmCC\'>',1589509410,'readed','to_visiter'),(303,'6e9h7',1,1,'<img onclick=\'getbig(this)\'  src=\'data:image/png;base64,iVBORw0KGgoAAAANSUhEUgAAAMYAAADLCAYAAAA1BeyDAAAfy0lEQVR4Ae2dWY/UyLLHzze7z/cD1PPVfIEjnQe2ggbBsK+DhJDKw3IQFAjUCKiDhAp4QDUS+04BDcMMyxEHmkYCcRhWobj6hzPtcJZdVV1tZ5fbYankLZeoyPg5Mp2L//Y///t/NM4/0k01MA8a+Ns4QwHZdFMNzIcGFIz50LrmOfYaUDDGvohUwPnQgIIxH1rXPMdeAwrG2BeRCjgfGlAw5kPrmufYa0DBGPsiUgHnQwMKxnxoXfMcew0oGCMU0efPn+nt27f06tUr+ve//01//vknPX78mH84xjXcQxiE1a18GlAwhiyzDx8+0H/+8x/6/fffaWpqalY/xAEoSEO3cmhAwRhQTjDmP/74Y1Yg9AMHaSkgA5Q+BrcVjIxC+O9//8tVpH5GPpd7z549o48fP2bkrpfnWwMKRkoJvH79mj3Ew4cP6c6dO3T9+vXcPIYLE/Lysk23qV5v07TJbLpdp1rQFVlPU7tep7YNIO70HnYpqA0btjd2Ga4oGKKUvn//Ts+fP2cI7t27R2fOnKHdu3fTvn37CgMDoKCx/uPHDyFJEYcw/BrVBBzdoEZ1SwLAqQUkUeknBYMl0uoXlu91A6q56fO1GtVq8S+Sh4g4j+heNoi9kCNH83+j+Mhj+P+nYJgSff/+Pe3atYvOnj1LFy5coO3bt9PSpUtp0aJFtHPnzkLBABx4m/Xt27eB9jW3AHjSx0YYG2RAbXgQ9x4bflactHRwLc2AbRpJwwSYCacl/5wLUga4ETxuQo6HlEnL46lWgxoN+2vRlLmpYBDx0xrKAQQrVqygJUuW8DHO8Vu5ciVt2bIl99/WrVup2WxSp9OhbrdLT58+LcxzJI0wfJpGtpRhdKGNwKitQZuncBRRmhiOcb8XDM47cD1GelibYq9HghwibZY59AJBUHOqhUQEsDLlNLnMdKjZ7NCMOQUkzU54pmAQcVVm48aNCRgsFD72a9asoRMnTrBXQrWqkM1UW0JbSYIBI6zXez2GtKvoyex6FXEuw0f/wRqo6wGoS0G9TnURX1aj2LAjILlelazqTbepbep9AM+FoPc/WbgjyWim04xA4KsClMqD8ebNGzbI+QQD8E1MTNC1a9dYFshUyGaN1K1/O22FpKEZLwEDDgKuiiUMGAbO99JaJ8IruGDwE194ANOmSKQdeYVk28jVTVLe8G7vNen5wjCpYDTC6lSlwfj06VPUdphvMACHbORDtuI2US2JYAlz4yetbZBnCJD0Hr1PYhstkZYLhg0k9yIM5yGBTQHJRu2FwN6R+xBwCZ6sOnFIeAwFgwh9Cfb1aT8wFi9e7KWatW7dukieFy9eyFLN5xiGFzWozdOawQg9QW/je5Im8SZLVHdwLI2LrMeQYZAHDFkatjD6zD/Dxg/QklU9Gz4LgKzrNp7dI5yUXT2G1YzYowPPQoF9FhiA4tChQ/zmYvny5YUCsnbt2oRMeXcARoYRGWBvIzXxlBf6SnqJXlhcYLLDh0D2eATkFYE7VzDC6l2yzdObZioYpjFe2aoUXo8OAwZe1T548IDu379Ply9fpr1793J7wH1zlUcj3QUDMua3wTCEURqrYQMVFoRz+VS1+bvh7HW7z4pn76c3ppNtDIBrRenNT1T/okTDgzSP0XPN9WCIKhrb4WmTGi28sJ2hSoLx7t27BBRZHgOGilepEiD0hl+6dImOHTtGO3bs4Ne7eUCBNFwwkC/6V3LZIi+RNDDXoN1zmzcbqqwupRynAWXj94CBGyxT7H3c+G6eFpooTXPQA4G8HsmZ1haaoU7T9mFgX/F+jJcvXyaMPQ2MZcuW0eTkJPcvSDDsMbzIzZs36dy5cxQEAXuRuQKSBgZG9OaxsZEF3bA3GRbGdX4YpWhrGCNKM0AbP0sW3HcNOytsGa5X0mNg7oQ1cLt32xjo+cY4KXt/0P7GjRu0f//+TECGacCngfHkyZMy2NGCk7FyYMhXtNLYJRirVq3qqULJsFnHqGahL+Lo0aM8pAS96NaLoIf7yJEjXP1avXp1NNzE3s+qSiGvYl/dLjibzuUPVQ4M26HnGrcFA1WokydPEozcDTPsOeKimtVut7mxjiElp0+f5jRv377NY7GOHz/OAxQBoYUjzWMgz8I6/HIxoYWZSOXAwJCLNAO3YGBM1K1bt1LDpMXLugY48MMo3YsXL9LVq1ejNHEdb7nu3r3LDfnNmzczHFlgFDZMZGHadC7/qnJgYKBemjFbMLZt2zartkVaWrO5hsGDeLvVryqFjkjd/GqgcmBkzdkeZzC0Ae4XCuRWOTAePXpUOo8BmXXzq4HKgZH2qhZVn3H2GJBZN78aqBwYWSt+jDMYkFk3vxqoHBgYtZrWOB5nMAoZaevXzkqXW+XASBsOMu5VKcism18NVA4MLJtZNo8BmfPbMHAuHiw31WqSmeaczGKqJRYJkAPtGsQDUE1oTPax5xjGbY+TiaWduQP4knmkLVCQlkpR1yoHxpcvX4YCw3bOYZAgBhNij866NKiGuYa458+fJ/R4o0cc58hjmH6Mr1+/5lj+Agxn2HVqJgCkx9qnqGXmLUgwMFy70zKLC2SClQFiaubzd7FyYEDV6BdwjdltY6BnGmOeMDkJcy+wWACM2o037PmpU6c4DZsW0kYeg8DIrQ8DELCBx2DAqOMnsziOQIjD8tyF6LoLhvv0jz1ScjKQSG/+bH6onCsJhl1pUBq1CwZGy2J4iB3HhP2GDRtGGkMFz7Bp06ZEWkgbw0QGgZHbSoUuGOaJHtk6EbnVKrdqFJ+7YAhbczxMHAdhFIzcvh0uVJ7boTutFYCkgeEa8/r160cGA1BJyJD2lStXBoIBWXPZHDBaaFt0WmL5GBitrOZMUStaiEx4E57MkwWGNXy7xyQ52e6Ir+fynwpMpJIeA/rMmtpqx0rhSX7gwIFo8TU79xtPf+lphjlGHFSd7JwM7JE22hn9PEauU1sdMMIV96aoFbmM2Nhde5PGPTMzRfiltTEQrtFIAtfTBhENf8psh8QgRuK5QhV8XlkwXK/hegwYMyYqYSG0PXv28H42E5dcYBAX7QykhbYKzpFHPzBy8xYwolQwRPVpSnoPEz7VY8CrpICB+K0WNZstakWex/VC6jHGuiplHzZ2Aee0qpRr2EWdZ4EB2XLdGIyWqR7FjeMQGFyX1ahkztJjhHd6wZjqdGgGefDbKgNAdG7Ti+PZK+O6r6zHQIH89ddfUbXIegysJzsXzzBbgLLAgGx5bmE1B0C4T23TluhTZ+kFI5YsUVVKgIB84j6OMIaCUQqPgcKanp5mOGxD++eff46WypytkY8SHpOiMEFJzseATMVtMRhRmwDrGHN9P91rhOFsvT8ZJgsMfhXswpYAp7h/mEfKlfYYVoGYIXf48GE2TjSMf/31V57zjfnbRf5+++03nvpqG+UHDx7kBaatXMXsQzBa6MNwDZe9SXg9AYNYETyUKfQGYR+IUy1DWEAWxZFhYw/C4KS2YSyAYt8jZzGakakqGOYzAHhDBG+BJzcMFSuQw4tg2mkRP6SN/CwUOMZU1+I/ICOLX4+zNKBgGM3goy34YIxcnED2OxR5jMUSMFyk+A/HZJmBXnc1oGAIjeBpjVeoWKsW60r5+KE/A3mqpxAFMQaHCkZKIaDxi0axj1+xDe2UP6eXhtKAgpGhJixyJj8TMMobp35x0E+hC6llKH8MLisYAwoBvc9Z02H7GX7WPaSVa4/2APn19mgaUDCG1NuHDx/o1atXlLX8ThYIuI44WJwZaehWDg0oGCOU0+fPnwmz6gAK+kAw2A8reeCHY1zDPYRBWN3KpwEFo3xlphJ70ICC4UHJmkX5NKBglK/MVGIPGlAwPChZsyifBhSM8pWZSuxBAwqGByVrFuXTgIJRvjJTiT1oQMHwoGTNonwaUDDKV2YqsQcNKBgelKxZlE8DCkb5ykwl9qABBcODkjWL8mlAwShfmanEHjSgYHhQsmZRPg0oGOUrM5XYgwYUDA9K1izKpwEFo3xlphJ70ICC4UHJmkX5NKBglK/MVGIPGlAwPChZsyifBhSM8pWZSuxBAwqGByVrFuXTgIJRvjJTiT1oQMHwoGTNonwaUDDKV2YqsQcNKBgelKxZlE8DCkb5ykwl9qABBcODkjWL8mlAwShfmanEHjSgYHhQsmZRPg0oGOUrM5XYgwYUDA9K1izKpwEFo3xlphJ70ICC4UHJmkX5NKBgjFBm+qmxEZRWsigKxpAFhg9L4gOTo36cEt/k049TDqnsMQimYAwoBBhz3p8zVkAGKH0MbisYGYWAb3HjC6z9PlM8l3vPnj2jjx8/ZuSul+dbAwpGSgm8fv2agXj48CHduXOHrl+/XhggyMvLNt2mer1N0yaz6XadakFXZD1N7Xqd2jaAuNN72KWgNmzY3thluKJgiFL6/v07PX/+nCG4d+8enTlzhnbv3k379u0rDAx4HXwX/MePH0KSIg5h+DWqCTi6QY3qlgSAUwtIotJPCgZLpJUaltOsUa0mfgkYU2PxxWHSh/xx2q7sgNfcr7fpAR4E5pxF6AbRub0e6iLUk4Jhyub9+/e0a9cuOnv2LF24cIG2b99OS5cupUWLFtHOnTsLBQNwoNr27du3bEvJ5Y4wFms0vA+oLQzHGkoIUVYcaZTyOPYkMO4IvFnKPwiMnvswdAlq4jw0dskkoML5VKtBjYb9tWjKyKlgEPHTGsoBBCtWrKAlS5bwMc7xW7lyJW3ZsiX339atW6nZbFKn06Fut0tPnz4tzHNYQwjL3TGUvt4CYNinsfE60sISBo/7MRjJPBMBzYkDnUg3NPyAAng5+aS3MeEtRHgS/4HjCvD/IY5DeIycjzvUbHZoxqQJSJqd8EzBIOKqzMaNGxMwWCh87NesWUMnTpxgr4RqVSGbqTqEtpQEA4ZUr8dVjTRDdI3NhpF7aadEofHVhWEnDJlCKOI4oUzWw9j87Hlo+OFTHvrh+5kegoj6eowuBfU6rZr4hX6Z+InB43xmYlAqD8abN2/YIOcTDMA3MTFB165dY1kgUyEbjIUtMTTCyKilgbFNyaexCBsEXG+PjJWFNE/92MKN6K7hG2M14diw3TjuU7+vXCY96w3ctPqBwfnU6V/tZuQhIE/9X21qNsLqVKXB+PTpU9R2mG8wAIds5EO24jYYranyRLCEubGB2AZ5hgBs1NYgo2pWRmB52Rgkkk82nOPqUs2klwYOXzOwcHwJA/6HlKUfGEYmWXViD/NTg/6pYBChL8H2RfQDY/HixV6qWevWrYvkefHihTSpfI4jY3HBCD1B5EGs0dcnaVJWhcz1VI9h42DvPOlj4eN8eww7DsRH/cGI04mjJati/atSYayZTuwxuKqmYBChA89CgX0WGIDi0KFD/OZi+fLlhQKydu3ahEx5dwDCGNmoRZWFDUg8eWGQScMPjYgNVRp/ynEinvsERzIiX/n0j407Pkq7H8M0NzBs2o8lGJB31WE6aBrjla1Kub3aWWDgVe2DBw/o/v37dPnyZdq7dy+3B9w3V3k00l0wIGN+G56oYfWJDcPAII+RF84TBm4EcMO5cvXGg/HGjeXetMP7Mi/Ow3gbPpbxGbTkGy8ZV0LHskXekXPmPpyIf1ulE2+lAF3jZJMaLbywnaFKgvHu3bvEkznLY8BQ8SpVehb0hl+6dImOHTtGO3bs4Ne7eUCBNFwwkC/6V3LZoqd18mnrGrR7bvO2htpT3RKeI2GoHDE0/ihOZJkmVZZJtC9EFYzzC9php6TJw43OHiTKP4YmzFr2a4TVrER8zvsnmvjF9mFgX/F+jJcvXyaMPQ2MZcuW0eTkJPcvSDDsMbzIzZs36dy5cxQEAXuRuQKSBgZG9OaxhYbWDV9zwkL4CQyjFI3wDANE/jZ+liy43wtGVujxv15Jj/H48eOBYKDnG+OkLAiD9jdu3KD9+/dnAjJMAz4NjCdPnoy/FS1ACSsHhnxFK41dtjFWrVrVU4WSYbOOUc1CX8TRo0d5SAl60a0XQQ/3kSNHuPq1evXqaLiJvZ9VlUJexb66XYBWncNfqhwYtkPPNW4LBqpQJ0+eJBi5G2bYc8RFNavdbnNjHUNKTp8+zWnevn2bx2IdP36cBygCQgtHmsdAnoV1+OVgQAs1icqBgSEXaQZuwcCYqFu3bqWGSYuXdQ1w4IdRuhcvXqSrV69GaeI63nLdvXuXG/KbN29mOLLAKGyYyEK16hz+V+XAwEC9NGO2YGzbtm1WbYu0tGZzDYMH8XarX1UKHZG6+dVA5cDImrM9zmBoA9wvFMitcmA8evSodB4DMuvmVwOVAyPtVS2qPuPsMSCzbn41UDkwslb8GGcwILNufjVQOTAwajWtcTzOYBQy0tavnZUut8qBkTYcZNyrUpBZN78aqBwYb9++LZ3HgMy6+dVA5cD48uXLUGDYzjkMEsRgQuzRWZdWDRvmGuKeP3+e0OONHnGcI49h+jG+fv2av1WI+c001TLDrUfIRqZDM9RpmtGqPHx7hPTGJErlwIDe0S/gGrPbxkDPNMY8YXIS5l5gsQAYtRtv2PNTp05xGjYtpI08BoFRWB9GwqDzssYpaomh23mlOh/pVBIMu9KgNGoXDIyWxfAQO44J+w0bNow0hgqeYdOmTYm0kDaGiQwCI9eVCuEZzBpKrU68Iob0GJjuacM0oqVl4Ama1GrF9+wyMxQBBijs3IYmtY43KOE05uKV5oGMSoLhTmsFIGlguMa8fv36kcEAVBIypH3lypWBYEDWXDYYsHia80Jj1vCt0aaECQEwVSRr6RyuSbwEUwQGpBQew6ZphEd+Nnou/6fgRCoJBnSaNbXVjpXCk/zAgQPR4mt27jee/tLTDHOMOKg62TkZ2CNttDP6eYw8p7ayJ5CWKQ3aGjEbfLzoWGx7IRhx9NCD9AVDQpI4jlMd56PKguF6DddjwJgxUQkLoe3Zs4f3s5m45AKDuGhnIC20VXCOPPqBkZu3wCxmOfEfFpkGhr0uqkThwnwCBLZmcS7TcQCIvIQFb5xJcGSrLBjQg13AOa0q5Rp2UedZYEC2PLehPIaTIcfh6pYAgcOI8z5g2LZLBIiT/jifVhqMv/76K6oWWY+B9WTn4hlmC1AWGJAt142rSaZdgNYAFjMe0Mawho1VM9D4Nsu68ioa0Xk/MNiDJBcZyPU/FZhYpcGAXqenpxkO29D++eefo6UyZ2vko4THpChMUJLzMSBTIRuqNLN5KxU11kcFwwAYN04K+VtFJFp5MKBUzJA7fPgwGycaxr/++ivP+cb87SJ/v/32G099tY3ygwcPsixFFHTfNOfSBkh4jL65lOqmgmE+A4A3RPAWeHLDULECObwIpp0W8UPayM9CgWNMdS3+AzJJ++QqVWO0V6ncBmmkvcVK5lHGMwXDlBo+2oIPxsjFCWS/Q5HHWCwBw0WK/3BMGU10fmRWMITe8bTGK1SsVYt1pXz80J+BPH17CvG39TBFAwpGilLQ+EWj2MevsIZ2yv/SS8NrQMHI0BUWOZOfCRjljVO/OOin0IXUMpQ/BpcVjAGFgN7nrOmw/Qw/6x7SyrNHe4D4entEDSgYQyruw4cP9OrVK8paficLBFxHHCzOjDR0K4cGFIwRyunz58+EWXUABX0gGOyHlTzwwzGu4R7CIKxu5dOAglG+MlOJPWhAwfCgZM2ifBpQMMpXZiqxBw0oGB6UrFmUTwMKRvnKTCX2oAEFw4OSNYvyaUDBKF+ZqcQeNKBgeFCyZlE+DSgY5SszldiDBhQMD0rWLMqnAQWjfGWmEnvQgILhQcmaRfk0oGCUr8xUYg8aUDA8KFmzKJ8GFIzylZlK7EEDCoYHJWsW5dOAglG+MlOJPWhAwfCgZM2ifBpQMMpXZiqxBw0oGB6UrFmUTwMKRvnKTCX2oAEFw4OSNYvyaUDBKF+ZqcQeNKBgeFCyZlE+DSgY5SszldiDBhQMD0rWLMqnAQWjfGWmEnvQgILhQcmaRfk0oGCUr8xUYg8aUDA8KFmzKJ8GFIzylZlK7EEDCoYHJWsW5dOAglG+MlOJPWhAwfCgZM2ifBpQMEYoM/3U2AhKK1kUBWPIAsOHJfGByVE/Tolv8unHKYdU9hgEUzAGFAKMOe/PGSsgA5Q+BrcVjIxCwLe48QXWfp8pnsu9Z8+e0cePHzNy18vzrQEFI6UEXr9+zUA8fPiQ7ty5Q9evXy8MEOTlZZtuU73epmmT2XS7TrWgK7Kepna9Tm0bQNzpPexSUBs2bG/sMlxRMEQpff/+nZ4/f84Q3Lt3j86cOUO7d++mffv2FQYGvA6+C/7jxw8hSRGHMPwa1QQc3aBGdUsCwKkFJFHpJwWDJdJKDctp1qhWE78EjKmx+OIw6UP+OG1XdsBr7qfImUif5UyCrmCYsnn//j3t2rWLzp49SxcuXKDt27fT0qVLadGiRbRz585CwQAcqLZ9+/Yt21JyuSOMxRoN7wNqw4MkrlmIsuJIo5THsYHB+CLwZil/wnBT4vbc7wYJ6Mk9d9Kw8a+1GtRo2F+Lpkw4BYOIn9ZQDiBYsWIFLVmyhI9xjt/KlStpy5Ytuf+2bt1KzWaTOp0Odbtdevr0aWGeA0/X+GEdeo/ovK+3ABj2aWy8ThTRsTZKVseSebphce5AJ9INDTegAF7OACtuE3sLeUH8B44rIA+DybzqFAR1qq06TAebHZoxHgM28MvET5yfgkHEVZmNGzcmYLBQ+NivWbOGTpw4wV4J1apCNjxBaxaOJBgwpHq912Mk7a73vjVYu5fhyUBSF4adbNOEhhrHCWWyHsYatz0nNl4rP1EITtxm6vEQCY8R5uWm9dPWvXSwM4PEqA6QLCg0TZUH482bN2yQ8wkG4JuYmKBr166xLJCpkA3GwpZonvz2qerUwZNPYxE2CLjeHhkYC2mexLGFG9Fdw4eDsPkbw3bjuE/9vnKZ9Ox/cNOSYOA48nqheAArCUad2o871GyE1alKg/Hp06eo7TDfYAAO2ciHbMVtMFrTFhDGivzYe9gGeYYA9mkeegpbzcoILC+bKguSZ/isUSf2YXqch2PsfM3AkoTXQiJkEWDIeJE43YD+vrMhPEZA3RkFg/WDvgTbF9EPjMWLF3upZq1bty6S58WLF1EZ5nYQGYsLRugJbJUo2tcnaVJWhYwBp3oMadzOkz6WP863x7DjQHzUH4w4nThasiomq1ZZYCQ9hoLBukQHnoUC+ywwAMWhQ4f4zcXy5csLBWTt2rUJmfLuAIQxslGLKous3kAxMKKk4Yemx8YljT/lOBEvpfoS1uWFR8gEyFS1nPsxTLMDg//jsFUpNMaJqtvGcHu1s8DAq9oHDx7Q/fv36fLly7R3715uD7hvrvJopLtgQMb8NjxRw+qTfBrL44FgOFUbKVsvUDDeuLHcm3Z4X8LEshgY+FjGZ9DiV8ER5FYICTuuRd6Rc+Y+nCgvDisa2+b8p8Y/qdHCC9vL1QTj3bt3iSdzlseAoeJVqvQs6A2/dOkSHTt2jHbs2MGvd/OAAmm4YCBf9K/kskWGk3zaugbtntu8raFG1axBHoMjhsYfxXHBsgZq0xIegvML2mGnpLnvRmcPYuPaNpMVOAEGLkpZTL9N/V/Ubto+DOx30t9NepVsfL98+TJh7GlgLFu2jCYnJ7l/QYJhj+FFbt68SefOnaMgCNiLzBWQNDAwojePLTS0bviaExbGT2D0EYhGeIYBIn8bP0sW3I+eyFmBSnS9kmA8fvx4IBjo+cY4KQvCoP2NGzdo//79mYAM04BPA+PJkyclMqeFI2rlwJCvaKWxyzbGqlWreqpQMmzWMapZ6Is4evQoDylBL7r1IujhPnLkCFe/Vq9eHQ03sfezqlLIq9hXtwvHmPP8J5UDw3boucZtwUAV6uTJkwQjd8MMe464qGa1221urGNIyenTpznN27dv81is48eP8wBFQGjhSPMYyLOwDr88LWmBpVU5MDDkIs3ALRgYE3Xr1q3UMGnxsq4BDvwwSvfixYt09erVKE1cx1uuu3fvckN+8+bNDEcWGIUNE1lgxpzn36kcGBiol2bMFoxt27bNqm2RltZsrmHwIN5u9atKoSNSN78aqBwYWXO2xxkMbYD7hQK5VQ6MR48elc5jQGbd/GqgcmCkvapF1WecPQZk1s2vBioHRtaKH+MMBmTWza8GKgcGRq2mNY7HGYxCRtr6tbPS5VY5MNKGg4x7VQoy6+ZXA5UD4+3bt6XzGJC5mG2GOs0G8YDS1AxwP14gIBFkqkVNTAtdoFvlwPjy5ctQYNjOOQwSxGBC7NFZl1YNG+Ya4p4/f57Q440ecZwjj2H6Mb5+/ZqD+YUQxCtiyFGlznFriqZaAMaAgZltZp5CeB3iTFHLXMtBuLFLonJgoATQL+Aas9vGQM80xjxhchLmXmCxABi1G2/Y81OnTnEaNi2kjTwGgZFfHwaMvEn2IT/TaSY9xVTLzEUwNgoYWh32GC2GBCy0qCFgQBrh/IWxs+s5C1RJMOxKg9KoXTAwWhbDQ+w4Juw3bNgw0hgqeIZNmzYl0kLaGCYyCIz8Vio0YHRaYh2lBjWaTWpG6yqFniOuWhmPATMT86Gl1S1UOCoJhjutFYCkgeEa8/r160cGA1BJyJD2lStXBoIBWfPZhMdA+6DZZEDCdsIMzQCYVos6xqWgypSodsW05CPOmKdSSTBQJllTW+1YKTzJDxw4EC2+Zud+4+kvPc0wx4iDqpOdk4E90kY7o5/HyHdqq/AYrSmyVSl+4mPJGFOVSngAx0v0wAJPs0CBqSwYrtdwPQaMGROVsBDanj17eD+biUsuMIiLdgbSQlsF58ijHxj5eQs8CkIwWq3QUyS8gVOVsm+bQmhQ3QoXCOCHvHwbxe0Qu6jlmLuAWYr3/3Sq8Dys4UH9AAAAAElFTkSuQmCC\'>',1589509411,'readed','to_visiter'),(304,'6e9h7',1,1,'<img onclick=\'getbig(this)\'  src=\'data:image/png;base64,iVBORw0KGgoAAAANSUhEUgAAAMYAAADLCAYAAAA1BeyDAAAfy0lEQVR4Ae2dWY/UyLLHzze7z/cD1PPVfIEjnQe2ggbBsK+DhJDKw3IQFAjUCKiDhAp4QDUS+04BDcMMyxEHmkYCcRhWobj6hzPtcJZdVV1tZ5fbYankLZeoyPg5Mp2L//Y///t/NM4/0k01MA8a+Ns4QwHZdFMNzIcGFIz50LrmOfYaUDDGvohUwPnQgIIxH1rXPMdeAwrG2BeRCjgfGlAw5kPrmufYa0DBGPsiUgHnQwMKxnxoXfMcew0oGCMU0efPn+nt27f06tUr+ve//01//vknPX78mH84xjXcQxiE1a18GlAwhiyzDx8+0H/+8x/6/fffaWpqalY/xAEoSEO3cmhAwRhQTjDmP/74Y1Yg9AMHaSkgA5Q+BrcVjIxC+O9//8tVpH5GPpd7z549o48fP2bkrpfnWwMKRkoJvH79mj3Ew4cP6c6dO3T9+vXcPIYLE/Lysk23qV5v07TJbLpdp1rQFVlPU7tep7YNIO70HnYpqA0btjd2Ga4oGKKUvn//Ts+fP2cI7t27R2fOnKHdu3fTvn37CgMDoKCx/uPHDyFJEYcw/BrVBBzdoEZ1SwLAqQUkUeknBYMl0uoXlu91A6q56fO1GtVq8S+Sh4g4j+heNoi9kCNH83+j+Mhj+P+nYJgSff/+Pe3atYvOnj1LFy5coO3bt9PSpUtp0aJFtHPnzkLBABx4m/Xt27eB9jW3AHjSx0YYG2RAbXgQ9x4bflactHRwLc2AbRpJwwSYCacl/5wLUga4ETxuQo6HlEnL46lWgxoN+2vRlLmpYBDx0xrKAQQrVqygJUuW8DHO8Vu5ciVt2bIl99/WrVup2WxSp9OhbrdLT58+LcxzJI0wfJpGtpRhdKGNwKitQZuncBRRmhiOcb8XDM47cD1GelibYq9HghwibZY59AJBUHOqhUQEsDLlNLnMdKjZ7NCMOQUkzU54pmAQcVVm48aNCRgsFD72a9asoRMnTrBXQrWqkM1UW0JbSYIBI6zXez2GtKvoyex6FXEuw0f/wRqo6wGoS0G9TnURX1aj2LAjILlelazqTbepbep9AM+FoPc/WbgjyWim04xA4KsClMqD8ebNGzbI+QQD8E1MTNC1a9dYFshUyGaN1K1/O22FpKEZLwEDDgKuiiUMGAbO99JaJ8IruGDwE194ANOmSKQdeYVk28jVTVLe8G7vNen5wjCpYDTC6lSlwfj06VPUdphvMACHbORDtuI2US2JYAlz4yetbZBnCJD0Hr1PYhstkZYLhg0k9yIM5yGBTQHJRu2FwN6R+xBwCZ6sOnFIeAwFgwh9Cfb1aT8wFi9e7KWatW7dukieFy9eyFLN5xiGFzWozdOawQg9QW/je5Im8SZLVHdwLI2LrMeQYZAHDFkatjD6zD/Dxg/QklU9Gz4LgKzrNp7dI5yUXT2G1YzYowPPQoF9FhiA4tChQ/zmYvny5YUCsnbt2oRMeXcARoYRGWBvIzXxlBf6SnqJXlhcYLLDh0D2eATkFYE7VzDC6l2yzdObZioYpjFe2aoUXo8OAwZe1T548IDu379Ply9fpr1793J7wH1zlUcj3QUDMua3wTCEURqrYQMVFoRz+VS1+bvh7HW7z4pn76c3ppNtDIBrRenNT1T/okTDgzSP0XPN9WCIKhrb4WmTGi28sJ2hSoLx7t27BBRZHgOGilepEiD0hl+6dImOHTtGO3bs4Ne7eUCBNFwwkC/6V3LZIi+RNDDXoN1zmzcbqqwupRynAWXj94CBGyxT7H3c+G6eFpooTXPQA4G8HsmZ1haaoU7T9mFgX/F+jJcvXyaMPQ2MZcuW0eTkJPcvSDDsMbzIzZs36dy5cxQEAXuRuQKSBgZG9OaxsZEF3bA3GRbGdX4YpWhrGCNKM0AbP0sW3HcNOytsGa5X0mNg7oQ1cLt32xjo+cY4KXt/0P7GjRu0f//+TECGacCngfHkyZMy2NGCk7FyYMhXtNLYJRirVq3qqULJsFnHqGahL+Lo0aM8pAS96NaLoIf7yJEjXP1avXp1NNzE3s+qSiGvYl/dLjibzuUPVQ4M26HnGrcFA1WokydPEozcDTPsOeKimtVut7mxjiElp0+f5jRv377NY7GOHz/OAxQBoYUjzWMgz8I6/HIxoYWZSOXAwJCLNAO3YGBM1K1bt1LDpMXLugY48MMo3YsXL9LVq1ejNHEdb7nu3r3LDfnNmzczHFlgFDZMZGHadC7/qnJgYKBemjFbMLZt2zartkVaWrO5hsGDeLvVryqFjkjd/GqgcmBkzdkeZzC0Ae4XCuRWOTAePXpUOo8BmXXzq4HKgZH2qhZVn3H2GJBZN78aqBwYWSt+jDMYkFk3vxqoHBgYtZrWOB5nMAoZaevXzkqXW+XASBsOMu5VKcism18NVA4MLJtZNo8BmfPbMHAuHiw31WqSmeaczGKqJRYJkAPtGsQDUE1oTPax5xjGbY+TiaWduQP4knmkLVCQlkpR1yoHxpcvX4YCw3bOYZAgBhNij866NKiGuYa458+fJ/R4o0cc58hjmH6Mr1+/5lj+Agxn2HVqJgCkx9qnqGXmLUgwMFy70zKLC2SClQFiaubzd7FyYEDV6BdwjdltY6BnGmOeMDkJcy+wWACM2o037PmpU6c4DZsW0kYeg8DIrQ8DELCBx2DAqOMnsziOQIjD8tyF6LoLhvv0jz1ScjKQSG/+bH6onCsJhl1pUBq1CwZGy2J4iB3HhP2GDRtGGkMFz7Bp06ZEWkgbw0QGgZHbSoUuGOaJHtk6EbnVKrdqFJ+7YAhbczxMHAdhFIzcvh0uVJ7boTutFYCkgeEa8/r160cGA1BJyJD2lStXBoIBWXPZHDBaaFt0WmL5GBitrOZMUStaiEx4E57MkwWGNXy7xyQ52e6Ir+fynwpMpJIeA/rMmtpqx0rhSX7gwIFo8TU79xtPf+lphjlGHFSd7JwM7JE22hn9PEauU1sdMMIV96aoFbmM2Nhde5PGPTMzRfiltTEQrtFIAtfTBhENf8psh8QgRuK5QhV8XlkwXK/hegwYMyYqYSG0PXv28H42E5dcYBAX7QykhbYKzpFHPzBy8xYwolQwRPVpSnoPEz7VY8CrpICB+K0WNZstakWex/VC6jHGuiplHzZ2Aee0qpRr2EWdZ4EB2XLdGIyWqR7FjeMQGFyX1ahkztJjhHd6wZjqdGgGefDbKgNAdG7Ti+PZK+O6r6zHQIH89ddfUbXIegysJzsXzzBbgLLAgGx5bmE1B0C4T23TluhTZ+kFI5YsUVVKgIB84j6OMIaCUQqPgcKanp5mOGxD++eff46WypytkY8SHpOiMEFJzseATMVtMRhRmwDrGHN9P91rhOFsvT8ZJgsMfhXswpYAp7h/mEfKlfYYVoGYIXf48GE2TjSMf/31V57zjfnbRf5+++03nvpqG+UHDx7kBaatXMXsQzBa6MNwDZe9SXg9AYNYETyUKfQGYR+IUy1DWEAWxZFhYw/C4KS2YSyAYt8jZzGakakqGOYzAHhDBG+BJzcMFSuQw4tg2mkRP6SN/CwUOMZU1+I/ICOLX4+zNKBgGM3goy34YIxcnED2OxR5jMUSMFyk+A/HZJmBXnc1oGAIjeBpjVeoWKsW60r5+KE/A3mqpxAFMQaHCkZKIaDxi0axj1+xDe2UP6eXhtKAgpGhJixyJj8TMMobp35x0E+hC6llKH8MLisYAwoBvc9Z02H7GX7WPaSVa4/2APn19mgaUDCG1NuHDx/o1atXlLX8ThYIuI44WJwZaehWDg0oGCOU0+fPnwmz6gAK+kAw2A8reeCHY1zDPYRBWN3KpwEFo3xlphJ70ICC4UHJmkX5NKBglK/MVGIPGlAwPChZsyifBhSM8pWZSuxBAwqGByVrFuXTgIJRvjJTiT1oQMHwoGTNonwaUDDKV2YqsQcNKBgelKxZlE8DCkb5ykwl9qABBcODkjWL8mlAwShfmanEHjSgYHhQsmZRPg0oGOUrM5XYgwYUDA9K1izKpwEFo3xlphJ70ICC4UHJmkX5NKBglK/MVGIPGlAwPChZsyifBhSM8pWZSuxBAwqGByVrFuXTgIJRvjJTiT1oQMHwoGTNonwaUDDKV2YqsQcNKBgelKxZlE8DCkb5ykwl9qABBcODkjWL8mlAwShfmanEHjSgYHhQsmZRPg0oGOUrM5XYgwYUDA9K1izKpwEFo3xlphJ70ICC4UHJmkX5NKBgjFBm+qmxEZRWsigKxpAFhg9L4gOTo36cEt/k049TDqnsMQimYAwoBBhz3p8zVkAGKH0MbisYGYWAb3HjC6z9PlM8l3vPnj2jjx8/ZuSul+dbAwpGSgm8fv2agXj48CHduXOHrl+/XhggyMvLNt2mer1N0yaz6XadakFXZD1N7Xqd2jaAuNN72KWgNmzY3thluKJgiFL6/v07PX/+nCG4d+8enTlzhnbv3k379u0rDAx4HXwX/MePH0KSIg5h+DWqCTi6QY3qlgSAUwtIotJPCgZLpJUaltOsUa0mfgkYU2PxxWHSh/xx2q7sgNfcr7fpAR4E5pxF6AbRub0e6iLUk4Jhyub9+/e0a9cuOnv2LF24cIG2b99OS5cupUWLFtHOnTsLBQNwoNr27du3bEvJ5Y4wFms0vA+oLQzHGkoIUVYcaZTyOPYkMO4IvFnKPwiMnvswdAlq4jw0dskkoML5VKtBjYb9tWjKyKlgEPHTGsoBBCtWrKAlS5bwMc7xW7lyJW3ZsiX339atW6nZbFKn06Fut0tPnz4tzHNYQwjL3TGUvt4CYNinsfE60sISBo/7MRjJPBMBzYkDnUg3NPyAAng5+aS3MeEtRHgS/4HjCvD/IY5DeIycjzvUbHZoxqQJSJqd8EzBIOKqzMaNGxMwWCh87NesWUMnTpxgr4RqVSGbqTqEtpQEA4ZUr8dVjTRDdI3NhpF7aadEofHVhWEnDJlCKOI4oUzWw9j87Hlo+OFTHvrh+5kegoj6eowuBfU6rZr4hX6Z+InB43xmYlAqD8abN2/YIOcTDMA3MTFB165dY1kgUyEbjIUtMTTCyKilgbFNyaexCBsEXG+PjJWFNE/92MKN6K7hG2M14diw3TjuU7+vXCY96w3ctPqBwfnU6V/tZuQhIE/9X21qNsLqVKXB+PTpU9R2mG8wAIds5EO24jYYranyRLCEubGB2AZ5hgBs1NYgo2pWRmB52Rgkkk82nOPqUs2klwYOXzOwcHwJA/6HlKUfGEYmWXViD/NTg/6pYBChL8H2RfQDY/HixV6qWevWrYvkefHihTSpfI4jY3HBCD1B5EGs0dcnaVJWhcz1VI9h42DvPOlj4eN8eww7DsRH/cGI04mjJati/atSYayZTuwxuKqmYBChA89CgX0WGIDi0KFD/OZi+fLlhQKydu3ahEx5dwDCGNmoRZWFDUg8eWGQScMPjYgNVRp/ynEinvsERzIiX/n0j407Pkq7H8M0NzBs2o8lGJB31WE6aBrjla1Kub3aWWDgVe2DBw/o/v37dPnyZdq7dy+3B9w3V3k00l0wIGN+G56oYfWJDcPAII+RF84TBm4EcMO5cvXGg/HGjeXetMP7Mi/Ow3gbPpbxGbTkGy8ZV0LHskXekXPmPpyIf1ulE2+lAF3jZJMaLbywnaFKgvHu3bvEkznLY8BQ8SpVehb0hl+6dImOHTtGO3bs4Ne7eUCBNFwwkC/6V3LZoqd18mnrGrR7bvO2htpT3RKeI2GoHDE0/ihOZJkmVZZJtC9EFYzzC9php6TJw43OHiTKP4YmzFr2a4TVrER8zvsnmvjF9mFgX/F+jJcvXyaMPQ2MZcuW0eTkJPcvSDDsMbzIzZs36dy5cxQEAXuRuQKSBgZG9OaxhYbWDV9zwkL4CQyjFI3wDANE/jZ+liy43wtGVujxv15Jj/H48eOBYKDnG+OkLAiD9jdu3KD9+/dnAjJMAz4NjCdPnoy/FS1ACSsHhnxFK41dtjFWrVrVU4WSYbOOUc1CX8TRo0d5SAl60a0XQQ/3kSNHuPq1evXqaLiJvZ9VlUJexb66XYBWncNfqhwYtkPPNW4LBqpQJ0+eJBi5G2bYc8RFNavdbnNjHUNKTp8+zWnevn2bx2IdP36cBygCQgtHmsdAnoV1+OVgQAs1icqBgSEXaQZuwcCYqFu3bqWGSYuXdQ1w4IdRuhcvXqSrV69GaeI63nLdvXuXG/KbN29mOLLAKGyYyEK16hz+V+XAwEC9NGO2YGzbtm1WbYu0tGZzDYMH8XarX1UKHZG6+dVA5cDImrM9zmBoA9wvFMitcmA8evSodB4DMuvmVwOVAyPtVS2qPuPsMSCzbn41UDkwslb8GGcwILNufjVQOTAwajWtcTzOYBQy0tavnZUut8qBkTYcZNyrUpBZN78aqBwYb9++LZ3HgMy6+dVA5cD48uXLUGDYzjkMEsRgQuzRWZdWDRvmGuKeP3+e0OONHnGcI49h+jG+fv2av1WI+c001TLDrUfIRqZDM9RpmtGqPHx7hPTGJErlwIDe0S/gGrPbxkDPNMY8YXIS5l5gsQAYtRtv2PNTp05xGjYtpI08BoFRWB9GwqDzssYpaomh23mlOh/pVBIMu9KgNGoXDIyWxfAQO44J+w0bNow0hgqeYdOmTYm0kDaGiQwCI9eVCuEZzBpKrU68Iob0GJjuacM0oqVl4Ama1GrF9+wyMxQBBijs3IYmtY43KOE05uKV5oGMSoLhTmsFIGlguMa8fv36kcEAVBIypH3lypWBYEDWXDYYsHia80Jj1vCt0aaECQEwVSRr6RyuSbwEUwQGpBQew6ZphEd+Nnou/6fgRCoJBnSaNbXVjpXCk/zAgQPR4mt27jee/tLTDHOMOKg62TkZ2CNttDP6eYw8p7ayJ5CWKQ3aGjEbfLzoWGx7IRhx9NCD9AVDQpI4jlMd56PKguF6DddjwJgxUQkLoe3Zs4f3s5m45AKDuGhnIC20VXCOPPqBkZu3wCxmOfEfFpkGhr0uqkThwnwCBLZmcS7TcQCIvIQFb5xJcGSrLBjQg13AOa0q5Rp2UedZYEC2PLehPIaTIcfh6pYAgcOI8z5g2LZLBIiT/jifVhqMv/76K6oWWY+B9WTn4hlmC1AWGJAt142rSaZdgNYAFjMe0Mawho1VM9D4Nsu68ioa0Xk/MNiDJBcZyPU/FZhYpcGAXqenpxkO29D++eefo6UyZ2vko4THpChMUJLzMSBTIRuqNLN5KxU11kcFwwAYN04K+VtFJFp5MKBUzJA7fPgwGycaxr/++ivP+cb87SJ/v/32G099tY3ygwcPsixFFHTfNOfSBkh4jL65lOqmgmE+A4A3RPAWeHLDULECObwIpp0W8UPayM9CgWNMdS3+AzJJ++QqVWO0V6ncBmmkvcVK5lHGMwXDlBo+2oIPxsjFCWS/Q5HHWCwBw0WK/3BMGU10fmRWMITe8bTGK1SsVYt1pXz80J+BPH17CvG39TBFAwpGilLQ+EWj2MevsIZ2yv/SS8NrQMHI0BUWOZOfCRjljVO/OOin0IXUMpQ/BpcVjAGFgN7nrOmw/Qw/6x7SyrNHe4D4entEDSgYQyruw4cP9OrVK8paficLBFxHHCzOjDR0K4cGFIwRyunz58+EWXUABX0gGOyHlTzwwzGu4R7CIKxu5dOAglG+MlOJPWhAwfCgZM2ifBpQMMpXZiqxBw0oGB6UrFmUTwMKRvnKTCX2oAEFw4OSNYvyaUDBKF+ZqcQeNKBgeFCyZlE+DSgY5SszldiDBhQMD0rWLMqnAQWjfGWmEnvQgILhQcmaRfk0oGCUr8xUYg8aUDA8KFmzKJ8GFIzylZlK7EEDCoYHJWsW5dOAglG+MlOJPWhAwfCgZM2ifBpQMMpXZiqxBw0oGB6UrFmUTwMKRvnKTCX2oAEFw4OSNYvyaUDBKF+ZqcQeNKBgeFCyZlE+DSgY5SszldiDBhQMD0rWLMqnAQWjfGWmEnvQgILhQcmaRfk0oGCUr8xUYg8aUDA8KFmzKJ8GFIzylZlK7EEDCoYHJWsW5dOAglG+MlOJPWhAwfCgZM2ifBpQMEYoM/3U2AhKK1kUBWPIAsOHJfGByVE/Tolv8unHKYdU9hgEUzAGFAKMOe/PGSsgA5Q+BrcVjIxCwLe48QXWfp8pnsu9Z8+e0cePHzNy18vzrQEFI6UEXr9+zUA8fPiQ7ty5Q9evXy8MEOTlZZtuU73epmmT2XS7TrWgK7Kepna9Tm0bQNzpPexSUBs2bG/sMlxRMEQpff/+nZ4/f84Q3Lt3j86cOUO7d++mffv2FQYGvA6+C/7jxw8hSRGHMPwa1QQc3aBGdUsCwKkFJFHpJwWDJdJKDctp1qhWE78EjKmx+OIw6UP+OG1XdsBr7qfImUif5UyCrmCYsnn//j3t2rWLzp49SxcuXKDt27fT0qVLadGiRbRz585CwQAcqLZ9+/Yt21JyuSOMxRoN7wNqw4MkrlmIsuJIo5THsYHB+CLwZil/wnBT4vbc7wYJ6Mk9d9Kw8a+1GtRo2F+Lpkw4BYOIn9ZQDiBYsWIFLVmyhI9xjt/KlStpy5Ytuf+2bt1KzWaTOp0Odbtdevr0aWGeA0/X+GEdeo/ovK+3ABj2aWy8ThTRsTZKVseSebphce5AJ9INDTegAF7OACtuE3sLeUH8B44rIA+DybzqFAR1qq06TAebHZoxHgM28MvET5yfgkHEVZmNGzcmYLBQ+NivWbOGTpw4wV4J1apCNjxBaxaOJBgwpHq912Mk7a73vjVYu5fhyUBSF4adbNOEhhrHCWWyHsYatz0nNl4rP1EITtxm6vEQCY8R5uWm9dPWvXSwM4PEqA6QLCg0TZUH482bN2yQ8wkG4JuYmKBr166xLJCpkA3GwpZonvz2qerUwZNPYxE2CLjeHhkYC2mexLGFG9Fdw4eDsPkbw3bjuE/9vnKZ9Ox/cNOSYOA48nqheAArCUad2o871GyE1alKg/Hp06eo7TDfYAAO2ciHbMVtMFrTFhDGivzYe9gGeYYA9mkeegpbzcoILC+bKguSZ/isUSf2YXqch2PsfM3AkoTXQiJkEWDIeJE43YD+vrMhPEZA3RkFg/WDvgTbF9EPjMWLF3upZq1bty6S58WLF1EZ5nYQGYsLRugJbJUo2tcnaVJWhYwBp3oMadzOkz6WP863x7DjQHzUH4w4nThasiomq1ZZYCQ9hoLBukQHnoUC+ywwAMWhQ4f4zcXy5csLBWTt2rUJmfLuAIQxslGLKous3kAxMKKk4Yemx8YljT/lOBEvpfoS1uWFR8gEyFS1nPsxTLMDg//jsFUpNMaJqtvGcHu1s8DAq9oHDx7Q/fv36fLly7R3715uD7hvrvJopLtgQMb8NjxRw+qTfBrL44FgOFUbKVsvUDDeuLHcm3Z4X8LEshgY+FjGZ9DiV8ER5FYICTuuRd6Rc+Y+nCgvDisa2+b8p8Y/qdHCC9vL1QTj3bt3iSdzlseAoeJVqvQs6A2/dOkSHTt2jHbs2MGvd/OAAmm4YCBf9K/kskWGk3zaugbtntu8raFG1axBHoMjhsYfxXHBsgZq0xIegvML2mGnpLnvRmcPYuPaNpMVOAEGLkpZTL9N/V/Ubto+DOx30t9NepVsfL98+TJh7GlgLFu2jCYnJ7l/QYJhj+FFbt68SefOnaMgCNiLzBWQNDAwojePLTS0bviaExbGT2D0EYhGeIYBIn8bP0sW3I+eyFmBSnS9kmA8fvx4IBjo+cY4KQvCoP2NGzdo//79mYAM04BPA+PJkyclMqeFI2rlwJCvaKWxyzbGqlWreqpQMmzWMapZ6Is4evQoDylBL7r1IujhPnLkCFe/Vq9eHQ03sfezqlLIq9hXtwvHmPP8J5UDw3boucZtwUAV6uTJkwQjd8MMe464qGa1221urGNIyenTpznN27dv81is48eP8wBFQGjhSPMYyLOwDr88LWmBpVU5MDDkIs3ALRgYE3Xr1q3UMGnxsq4BDvwwSvfixYt09erVKE1cx1uuu3fvckN+8+bNDEcWGIUNE1lgxpzn36kcGBiol2bMFoxt27bNqm2RltZsrmHwIN5u9atKoSNSN78aqBwYWXO2xxkMbYD7hQK5VQ6MR48elc5jQGbd/GqgcmCkvapF1WecPQZk1s2vBioHRtaKH+MMBmTWza8GKgcGRq2mNY7HGYxCRtr6tbPS5VY5MNKGg4x7VQoy6+ZXA5UD4+3bt6XzGJC5mG2GOs0G8YDS1AxwP14gIBFkqkVNTAtdoFvlwPjy5ctQYNjOOQwSxGBC7NFZl1YNG+Ya4p4/f57Q440ecZwjj2H6Mb5+/ZqD+YUQxCtiyFGlznFriqZaAMaAgZltZp5CeB3iTFHLXMtBuLFLonJgoATQL+Aas9vGQM80xjxhchLmXmCxABi1G2/Y81OnTnEaNi2kjTwGgZFfHwaMvEn2IT/TaSY9xVTLzEUwNgoYWh32GC2GBCy0qCFgQBrh/IWxs+s5C1RJMOxKg9KoXTAwWhbDQ+w4Juw3bNgw0hgqeIZNmzYl0kLaGCYyCIz8Vio0YHRaYh2lBjWaTWpG6yqFniOuWhmPATMT86Gl1S1UOCoJhjutFYCkgeEa8/r160cGA1BJyJD2lStXBoIBWfPZhMdA+6DZZEDCdsIMzQCYVos6xqWgypSodsW05CPOmKdSSTBQJllTW+1YKTzJDxw4EC2+Zud+4+kvPc0wx4iDqpOdk4E90kY7o5/HyHdqq/AYrSmyVSl+4mPJGFOVSngAx0v0wAJPs0CBqSwYrtdwPQaMGROVsBDanj17eD+biUsuMIiLdgbSQlsF58ijHxj5eQs8CkIwWq3QUyS8gVOVsm+bQmhQ3QoXCOCHvHwbxe0Qu6jlmLuAWYr3/3Sq8Dys4UH9AAAAAElFTkSuQmCC\'>',1589509412,'readed','to_visiter'),(305,'6e9h7',1,1,'<img onclick=\'getbig(this)\'  src=\'data:image/png;base64,iVBORw0KGgoAAAANSUhEUgAAAMYAAADLCAYAAAA1BeyDAAAfy0lEQVR4Ae2dWY/UyLLHzze7z/cD1PPVfIEjnQe2ggbBsK+DhJDKw3IQFAjUCKiDhAp4QDUS+04BDcMMyxEHmkYCcRhWobj6hzPtcJZdVV1tZ5fbYankLZeoyPg5Mp2L//Y///t/NM4/0k01MA8a+Ns4QwHZdFMNzIcGFIz50LrmOfYaUDDGvohUwPnQgIIxH1rXPMdeAwrG2BeRCjgfGlAw5kPrmufYa0DBGPsiUgHnQwMKxnxoXfMcew0oGCMU0efPn+nt27f06tUr+ve//01//vknPX78mH84xjXcQxiE1a18GlAwhiyzDx8+0H/+8x/6/fffaWpqalY/xAEoSEO3cmhAwRhQTjDmP/74Y1Yg9AMHaSkgA5Q+BrcVjIxC+O9//8tVpH5GPpd7z549o48fP2bkrpfnWwMKRkoJvH79mj3Ew4cP6c6dO3T9+vXcPIYLE/Lysk23qV5v07TJbLpdp1rQFVlPU7tep7YNIO70HnYpqA0btjd2Ga4oGKKUvn//Ts+fP2cI7t27R2fOnKHdu3fTvn37CgMDoKCx/uPHDyFJEYcw/BrVBBzdoEZ1SwLAqQUkUeknBYMl0uoXlu91A6q56fO1GtVq8S+Sh4g4j+heNoi9kCNH83+j+Mhj+P+nYJgSff/+Pe3atYvOnj1LFy5coO3bt9PSpUtp0aJFtHPnzkLBABx4m/Xt27eB9jW3AHjSx0YYG2RAbXgQ9x4bflactHRwLc2AbRpJwwSYCacl/5wLUga4ETxuQo6HlEnL46lWgxoN+2vRlLmpYBDx0xrKAQQrVqygJUuW8DHO8Vu5ciVt2bIl99/WrVup2WxSp9OhbrdLT58+LcxzJI0wfJpGtpRhdKGNwKitQZuncBRRmhiOcb8XDM47cD1GelibYq9HghwibZY59AJBUHOqhUQEsDLlNLnMdKjZ7NCMOQUkzU54pmAQcVVm48aNCRgsFD72a9asoRMnTrBXQrWqkM1UW0JbSYIBI6zXez2GtKvoyex6FXEuw0f/wRqo6wGoS0G9TnURX1aj2LAjILlelazqTbepbep9AM+FoPc/WbgjyWim04xA4KsClMqD8ebNGzbI+QQD8E1MTNC1a9dYFshUyGaN1K1/O22FpKEZLwEDDgKuiiUMGAbO99JaJ8IruGDwE194ANOmSKQdeYVk28jVTVLe8G7vNen5wjCpYDTC6lSlwfj06VPUdphvMACHbORDtuI2US2JYAlz4yetbZBnCJD0Hr1PYhstkZYLhg0k9yIM5yGBTQHJRu2FwN6R+xBwCZ6sOnFIeAwFgwh9Cfb1aT8wFi9e7KWatW7dukieFy9eyFLN5xiGFzWozdOawQg9QW/je5Im8SZLVHdwLI2LrMeQYZAHDFkatjD6zD/Dxg/QklU9Gz4LgKzrNp7dI5yUXT2G1YzYowPPQoF9FhiA4tChQ/zmYvny5YUCsnbt2oRMeXcARoYRGWBvIzXxlBf6SnqJXlhcYLLDh0D2eATkFYE7VzDC6l2yzdObZioYpjFe2aoUXo8OAwZe1T548IDu379Ply9fpr1793J7wH1zlUcj3QUDMua3wTCEURqrYQMVFoRz+VS1+bvh7HW7z4pn76c3ppNtDIBrRenNT1T/okTDgzSP0XPN9WCIKhrb4WmTGi28sJ2hSoLx7t27BBRZHgOGilepEiD0hl+6dImOHTtGO3bs4Ne7eUCBNFwwkC/6V3LZIi+RNDDXoN1zmzcbqqwupRynAWXj94CBGyxT7H3c+G6eFpooTXPQA4G8HsmZ1haaoU7T9mFgX/F+jJcvXyaMPQ2MZcuW0eTkJPcvSDDsMbzIzZs36dy5cxQEAXuRuQKSBgZG9OaxsZEF3bA3GRbGdX4YpWhrGCNKM0AbP0sW3HcNOytsGa5X0mNg7oQ1cLt32xjo+cY4KXt/0P7GjRu0f//+TECGacCngfHkyZMy2NGCk7FyYMhXtNLYJRirVq3qqULJsFnHqGahL+Lo0aM8pAS96NaLoIf7yJEjXP1avXp1NNzE3s+qSiGvYl/dLjibzuUPVQ4M26HnGrcFA1WokydPEozcDTPsOeKimtVut7mxjiElp0+f5jRv377NY7GOHz/OAxQBoYUjzWMgz8I6/HIxoYWZSOXAwJCLNAO3YGBM1K1bt1LDpMXLugY48MMo3YsXL9LVq1ejNHEdb7nu3r3LDfnNmzczHFlgFDZMZGHadC7/qnJgYKBemjFbMLZt2zartkVaWrO5hsGDeLvVryqFjkjd/GqgcmBkzdkeZzC0Ae4XCuRWOTAePXpUOo8BmXXzq4HKgZH2qhZVn3H2GJBZN78aqBwYWSt+jDMYkFk3vxqoHBgYtZrWOB5nMAoZaevXzkqXW+XASBsOMu5VKcism18NVA4MLJtZNo8BmfPbMHAuHiw31WqSmeaczGKqJRYJkAPtGsQDUE1oTPax5xjGbY+TiaWduQP4knmkLVCQlkpR1yoHxpcvX4YCw3bOYZAgBhNij866NKiGuYa458+fJ/R4o0cc58hjmH6Mr1+/5lj+Agxn2HVqJgCkx9qnqGXmLUgwMFy70zKLC2SClQFiaubzd7FyYEDV6BdwjdltY6BnGmOeMDkJcy+wWACM2o037PmpU6c4DZsW0kYeg8DIrQ8DELCBx2DAqOMnsziOQIjD8tyF6LoLhvv0jz1ScjKQSG/+bH6onCsJhl1pUBq1CwZGy2J4iB3HhP2GDRtGGkMFz7Bp06ZEWkgbw0QGgZHbSoUuGOaJHtk6EbnVKrdqFJ+7YAhbczxMHAdhFIzcvh0uVJ7boTutFYCkgeEa8/r160cGA1BJyJD2lStXBoIBWXPZHDBaaFt0WmL5GBitrOZMUStaiEx4E57MkwWGNXy7xyQ52e6Ir+fynwpMpJIeA/rMmtpqx0rhSX7gwIFo8TU79xtPf+lphjlGHFSd7JwM7JE22hn9PEauU1sdMMIV96aoFbmM2Nhde5PGPTMzRfiltTEQrtFIAtfTBhENf8psh8QgRuK5QhV8XlkwXK/hegwYMyYqYSG0PXv28H42E5dcYBAX7QykhbYKzpFHPzBy8xYwolQwRPVpSnoPEz7VY8CrpICB+K0WNZstakWex/VC6jHGuiplHzZ2Aee0qpRr2EWdZ4EB2XLdGIyWqR7FjeMQGFyX1ahkztJjhHd6wZjqdGgGefDbKgNAdG7Ti+PZK+O6r6zHQIH89ddfUbXIegysJzsXzzBbgLLAgGx5bmE1B0C4T23TluhTZ+kFI5YsUVVKgIB84j6OMIaCUQqPgcKanp5mOGxD++eff46WypytkY8SHpOiMEFJzseATMVtMRhRmwDrGHN9P91rhOFsvT8ZJgsMfhXswpYAp7h/mEfKlfYYVoGYIXf48GE2TjSMf/31V57zjfnbRf5+++03nvpqG+UHDx7kBaatXMXsQzBa6MNwDZe9SXg9AYNYETyUKfQGYR+IUy1DWEAWxZFhYw/C4KS2YSyAYt8jZzGakakqGOYzAHhDBG+BJzcMFSuQw4tg2mkRP6SN/CwUOMZU1+I/ICOLX4+zNKBgGM3goy34YIxcnED2OxR5jMUSMFyk+A/HZJmBXnc1oGAIjeBpjVeoWKsW60r5+KE/A3mqpxAFMQaHCkZKIaDxi0axj1+xDe2UP6eXhtKAgpGhJixyJj8TMMobp35x0E+hC6llKH8MLisYAwoBvc9Z02H7GX7WPaSVa4/2APn19mgaUDCG1NuHDx/o1atXlLX8ThYIuI44WJwZaehWDg0oGCOU0+fPnwmz6gAK+kAw2A8reeCHY1zDPYRBWN3KpwEFo3xlphJ70ICC4UHJmkX5NKBglK/MVGIPGlAwPChZsyifBhSM8pWZSuxBAwqGByVrFuXTgIJRvjJTiT1oQMHwoGTNonwaUDDKV2YqsQcNKBgelKxZlE8DCkb5ykwl9qABBcODkjWL8mlAwShfmanEHjSgYHhQsmZRPg0oGOUrM5XYgwYUDA9K1izKpwEFo3xlphJ70ICC4UHJmkX5NKBglK/MVGIPGlAwPChZsyifBhSM8pWZSuxBAwqGByVrFuXTgIJRvjJTiT1oQMHwoGTNonwaUDDKV2YqsQcNKBgelKxZlE8DCkb5ykwl9qABBcODkjWL8mlAwShfmanEHjSgYHhQsmZRPg0oGOUrM5XYgwYUDA9K1izKpwEFo3xlphJ70ICC4UHJmkX5NKBgjFBm+qmxEZRWsigKxpAFhg9L4gOTo36cEt/k049TDqnsMQimYAwoBBhz3p8zVkAGKH0MbisYGYWAb3HjC6z9PlM8l3vPnj2jjx8/ZuSul+dbAwpGSgm8fv2agXj48CHduXOHrl+/XhggyMvLNt2mer1N0yaz6XadakFXZD1N7Xqd2jaAuNN72KWgNmzY3thluKJgiFL6/v07PX/+nCG4d+8enTlzhnbv3k379u0rDAx4HXwX/MePH0KSIg5h+DWqCTi6QY3qlgSAUwtIotJPCgZLpJUaltOsUa0mfgkYU2PxxWHSh/xx2q7sgNfcr7fpAR4E5pxF6AbRub0e6iLUk4Jhyub9+/e0a9cuOnv2LF24cIG2b99OS5cupUWLFtHOnTsLBQNwoNr27du3bEvJ5Y4wFms0vA+oLQzHGkoIUVYcaZTyOPYkMO4IvFnKPwiMnvswdAlq4jw0dskkoML5VKtBjYb9tWjKyKlgEPHTGsoBBCtWrKAlS5bwMc7xW7lyJW3ZsiX339atW6nZbFKn06Fut0tPnz4tzHNYQwjL3TGUvt4CYNinsfE60sISBo/7MRjJPBMBzYkDnUg3NPyAAng5+aS3MeEtRHgS/4HjCvD/IY5DeIycjzvUbHZoxqQJSJqd8EzBIOKqzMaNGxMwWCh87NesWUMnTpxgr4RqVSGbqTqEtpQEA4ZUr8dVjTRDdI3NhpF7aadEofHVhWEnDJlCKOI4oUzWw9j87Hlo+OFTHvrh+5kegoj6eowuBfU6rZr4hX6Z+InB43xmYlAqD8abN2/YIOcTDMA3MTFB165dY1kgUyEbjIUtMTTCyKilgbFNyaexCBsEXG+PjJWFNE/92MKN6K7hG2M14diw3TjuU7+vXCY96w3ctPqBwfnU6V/tZuQhIE/9X21qNsLqVKXB+PTpU9R2mG8wAIds5EO24jYYranyRLCEubGB2AZ5hgBs1NYgo2pWRmB52Rgkkk82nOPqUs2klwYOXzOwcHwJA/6HlKUfGEYmWXViD/NTg/6pYBChL8H2RfQDY/HixV6qWevWrYvkefHihTSpfI4jY3HBCD1B5EGs0dcnaVJWhcz1VI9h42DvPOlj4eN8eww7DsRH/cGI04mjJati/atSYayZTuwxuKqmYBChA89CgX0WGIDi0KFD/OZi+fLlhQKydu3ahEx5dwDCGNmoRZWFDUg8eWGQScMPjYgNVRp/ynEinvsERzIiX/n0j407Pkq7H8M0NzBs2o8lGJB31WE6aBrjla1Kub3aWWDgVe2DBw/o/v37dPnyZdq7dy+3B9w3V3k00l0wIGN+G56oYfWJDcPAII+RF84TBm4EcMO5cvXGg/HGjeXetMP7Mi/Ow3gbPpbxGbTkGy8ZV0LHskXekXPmPpyIf1ulE2+lAF3jZJMaLbywnaFKgvHu3bvEkznLY8BQ8SpVehb0hl+6dImOHTtGO3bs4Ne7eUCBNFwwkC/6V3LZoqd18mnrGrR7bvO2htpT3RKeI2GoHDE0/ihOZJkmVZZJtC9EFYzzC9php6TJw43OHiTKP4YmzFr2a4TVrER8zvsnmvjF9mFgX/F+jJcvXyaMPQ2MZcuW0eTkJPcvSDDsMbzIzZs36dy5cxQEAXuRuQKSBgZG9OaxhYbWDV9zwkL4CQyjFI3wDANE/jZ+liy43wtGVujxv15Jj/H48eOBYKDnG+OkLAiD9jdu3KD9+/dnAjJMAz4NjCdPnoy/FS1ACSsHhnxFK41dtjFWrVrVU4WSYbOOUc1CX8TRo0d5SAl60a0XQQ/3kSNHuPq1evXqaLiJvZ9VlUJexb66XYBWncNfqhwYtkPPNW4LBqpQJ0+eJBi5G2bYc8RFNavdbnNjHUNKTp8+zWnevn2bx2IdP36cBygCQgtHmsdAnoV1+OVgQAs1icqBgSEXaQZuwcCYqFu3bqWGSYuXdQ1w4IdRuhcvXqSrV69GaeI63nLdvXuXG/KbN29mOLLAKGyYyEK16hz+V+XAwEC9NGO2YGzbtm1WbYu0tGZzDYMH8XarX1UKHZG6+dVA5cDImrM9zmBoA9wvFMitcmA8evSodB4DMuvmVwOVAyPtVS2qPuPsMSCzbn41UDkwslb8GGcwILNufjVQOTAwajWtcTzOYBQy0tavnZUut8qBkTYcZNyrUpBZN78aqBwYb9++LZ3HgMy6+dVA5cD48uXLUGDYzjkMEsRgQuzRWZdWDRvmGuKeP3+e0OONHnGcI49h+jG+fv2av1WI+c001TLDrUfIRqZDM9RpmtGqPHx7hPTGJErlwIDe0S/gGrPbxkDPNMY8YXIS5l5gsQAYtRtv2PNTp05xGjYtpI08BoFRWB9GwqDzssYpaomh23mlOh/pVBIMu9KgNGoXDIyWxfAQO44J+w0bNow0hgqeYdOmTYm0kDaGiQwCI9eVCuEZzBpKrU68Iob0GJjuacM0oqVl4Ama1GrF9+wyMxQBBijs3IYmtY43KOE05uKV5oGMSoLhTmsFIGlguMa8fv36kcEAVBIypH3lypWBYEDWXDYYsHia80Jj1vCt0aaECQEwVSRr6RyuSbwEUwQGpBQew6ZphEd+Nnou/6fgRCoJBnSaNbXVjpXCk/zAgQPR4mt27jee/tLTDHOMOKg62TkZ2CNttDP6eYw8p7ayJ5CWKQ3aGjEbfLzoWGx7IRhx9NCD9AVDQpI4jlMd56PKguF6DddjwJgxUQkLoe3Zs4f3s5m45AKDuGhnIC20VXCOPPqBkZu3wCxmOfEfFpkGhr0uqkThwnwCBLZmcS7TcQCIvIQFb5xJcGSrLBjQg13AOa0q5Rp2UedZYEC2PLehPIaTIcfh6pYAgcOI8z5g2LZLBIiT/jifVhqMv/76K6oWWY+B9WTn4hlmC1AWGJAt142rSaZdgNYAFjMe0Mawho1VM9D4Nsu68ioa0Xk/MNiDJBcZyPU/FZhYpcGAXqenpxkO29D++eefo6UyZ2vko4THpChMUJLzMSBTIRuqNLN5KxU11kcFwwAYN04K+VtFJFp5MKBUzJA7fPgwGycaxr/++ivP+cb87SJ/v/32G099tY3ygwcPsixFFHTfNOfSBkh4jL65lOqmgmE+A4A3RPAWeHLDULECObwIpp0W8UPayM9CgWNMdS3+AzJJ++QqVWO0V6ncBmmkvcVK5lHGMwXDlBo+2oIPxsjFCWS/Q5HHWCwBw0WK/3BMGU10fmRWMITe8bTGK1SsVYt1pXz80J+BPH17CvG39TBFAwpGilLQ+EWj2MevsIZ2yv/SS8NrQMHI0BUWOZOfCRjljVO/OOin0IXUMpQ/BpcVjAGFgN7nrOmw/Qw/6x7SyrNHe4D4entEDSgYQyruw4cP9OrVK8paficLBFxHHCzOjDR0K4cGFIwRyunz58+EWXUABX0gGOyHlTzwwzGu4R7CIKxu5dOAglG+MlOJPWhAwfCgZM2ifBpQMMpXZiqxBw0oGB6UrFmUTwMKRvnKTCX2oAEFw4OSNYvyaUDBKF+ZqcQeNKBgeFCyZlE+DSgY5SszldiDBhQMD0rWLMqnAQWjfGWmEnvQgILhQcmaRfk0oGCUr8xUYg8aUDA8KFmzKJ8GFIzylZlK7EEDCoYHJWsW5dOAglG+MlOJPWhAwfCgZM2ifBpQMMpXZiqxBw0oGB6UrFmUTwMKRvnKTCX2oAEFw4OSNYvyaUDBKF+ZqcQeNKBgeFCyZlE+DSgY5SszldiDBhQMD0rWLMqnAQWjfGWmEnvQgILhQcmaRfk0oGCUr8xUYg8aUDA8KFmzKJ8GFIzylZlK7EEDCoYHJWsW5dOAglG+MlOJPWhAwfCgZM2ifBpQMEYoM/3U2AhKK1kUBWPIAsOHJfGByVE/Tolv8unHKYdU9hgEUzAGFAKMOe/PGSsgA5Q+BrcVjIxCwLe48QXWfp8pnsu9Z8+e0cePHzNy18vzrQEFI6UEXr9+zUA8fPiQ7ty5Q9evXy8MEOTlZZtuU73epmmT2XS7TrWgK7Kepna9Tm0bQNzpPexSUBs2bG/sMlxRMEQpff/+nZ4/f84Q3Lt3j86cOUO7d++mffv2FQYGvA6+C/7jxw8hSRGHMPwa1QQc3aBGdUsCwKkFJFHpJwWDJdJKDctp1qhWE78EjKmx+OIw6UP+OG1XdsBr7qfImUif5UyCrmCYsnn//j3t2rWLzp49SxcuXKDt27fT0qVLadGiRbRz585CwQAcqLZ9+/Yt21JyuSOMxRoN7wNqw4MkrlmIsuJIo5THsYHB+CLwZil/wnBT4vbc7wYJ6Mk9d9Kw8a+1GtRo2F+Lpkw4BYOIn9ZQDiBYsWIFLVmyhI9xjt/KlStpy5Ytuf+2bt1KzWaTOp0Odbtdevr0aWGeA0/X+GEdeo/ovK+3ABj2aWy8ThTRsTZKVseSebphce5AJ9INDTegAF7OACtuE3sLeUH8B44rIA+DybzqFAR1qq06TAebHZoxHgM28MvET5yfgkHEVZmNGzcmYLBQ+NivWbOGTpw4wV4J1apCNjxBaxaOJBgwpHq912Mk7a73vjVYu5fhyUBSF4adbNOEhhrHCWWyHsYatz0nNl4rP1EITtxm6vEQCY8R5uWm9dPWvXSwM4PEqA6QLCg0TZUH482bN2yQ8wkG4JuYmKBr166xLJCpkA3GwpZonvz2qerUwZNPYxE2CLjeHhkYC2mexLGFG9Fdw4eDsPkbw3bjuE/9vnKZ9Ox/cNOSYOA48nqheAArCUad2o871GyE1alKg/Hp06eo7TDfYAAO2ciHbMVtMFrTFhDGivzYe9gGeYYA9mkeegpbzcoILC+bKguSZ/isUSf2YXqch2PsfM3AkoTXQiJkEWDIeJE43YD+vrMhPEZA3RkFg/WDvgTbF9EPjMWLF3upZq1bty6S58WLF1EZ5nYQGYsLRugJbJUo2tcnaVJWhYwBp3oMadzOkz6WP863x7DjQHzUH4w4nThasiomq1ZZYCQ9hoLBukQHnoUC+ywwAMWhQ4f4zcXy5csLBWTt2rUJmfLuAIQxslGLKous3kAxMKKk4Yemx8YljT/lOBEvpfoS1uWFR8gEyFS1nPsxTLMDg//jsFUpNMaJqtvGcHu1s8DAq9oHDx7Q/fv36fLly7R3715uD7hvrvJopLtgQMb8NjxRw+qTfBrL44FgOFUbKVsvUDDeuLHcm3Z4X8LEshgY+FjGZ9DiV8ER5FYICTuuRd6Rc+Y+nCgvDisa2+b8p8Y/qdHCC9vL1QTj3bt3iSdzlseAoeJVqvQs6A2/dOkSHTt2jHbs2MGvd/OAAmm4YCBf9K/kskWGk3zaugbtntu8raFG1axBHoMjhsYfxXHBsgZq0xIegvML2mGnpLnvRmcPYuPaNpMVOAEGLkpZTL9N/V/Ubto+DOx30t9NepVsfL98+TJh7GlgLFu2jCYnJ7l/QYJhj+FFbt68SefOnaMgCNiLzBWQNDAwojePLTS0bviaExbGT2D0EYhGeIYBIn8bP0sW3I+eyFmBSnS9kmA8fvx4IBjo+cY4KQvCoP2NGzdo//79mYAM04BPA+PJkyclMqeFI2rlwJCvaKWxyzbGqlWreqpQMmzWMapZ6Is4evQoDylBL7r1IujhPnLkCFe/Vq9eHQ03sfezqlLIq9hXtwvHmPP8J5UDw3boucZtwUAV6uTJkwQjd8MMe464qGa1221urGNIyenTpznN27dv81is48eP8wBFQGjhSPMYyLOwDr88LWmBpVU5MDDkIs3ALRgYE3Xr1q3UMGnxsq4BDvwwSvfixYt09erVKE1cx1uuu3fvckN+8+bNDEcWGIUNE1lgxpzn36kcGBiol2bMFoxt27bNqm2RltZsrmHwIN5u9atKoSNSN78aqBwYWXO2xxkMbYD7hQK5VQ6MR48elc5jQGbd/GqgcmCkvapF1WecPQZk1s2vBioHRtaKH+MMBmTWza8GKgcGRq2mNY7HGYxCRtr6tbPS5VY5MNKGg4x7VQoy6+ZXA5UD4+3bt6XzGJC5mG2GOs0G8YDS1AxwP14gIBFkqkVNTAtdoFvlwPjy5ctQYNjOOQwSxGBC7NFZl1YNG+Ya4p4/f57Q440ecZwjj2H6Mb5+/ZqD+YUQxCtiyFGlznFriqZaAMaAgZltZp5CeB3iTFHLXMtBuLFLonJgoATQL+Aas9vGQM80xjxhchLmXmCxABi1G2/Y81OnTnEaNi2kjTwGgZFfHwaMvEn2IT/TaSY9xVTLzEUwNgoYWh32GC2GBCy0qCFgQBrh/IWxs+s5C1RJMOxKg9KoXTAwWhbDQ+w4Juw3bNgw0hgqeIZNmzYl0kLaGCYyCIz8Vio0YHRaYh2lBjWaTWpG6yqFniOuWhmPATMT86Gl1S1UOCoJhjutFYCkgeEa8/r160cGA1BJyJD2lStXBoIBWfPZhMdA+6DZZEDCdsIMzQCYVos6xqWgypSodsW05CPOmKdSSTBQJllTW+1YKTzJDxw4EC2+Zud+4+kvPc0wx4iDqpOdk4E90kY7o5/HyHdqq/AYrSmyVSl+4mPJGFOVSngAx0v0wAJPs0CBqSwYrtdwPQaMGROVsBDanj17eD+biUsuMIiLdgbSQlsF58ijHxj5eQs8CkIwWq3QUyS8gVOVsm+bQmhQ3QoXCOCHvHwbxe0Qu6jlmLuAWYr3/3Sq8Dys4UH9AAAAAElFTkSuQmCC\'>',1589509412,'readed','to_visiter'),(306,'6e9h7',1,1,'<img onclick=\'getbig(this)\'  src=\'data:image/png;base64,iVBORw0KGgoAAAANSUhEUgAAAMYAAADLCAYAAAA1BeyDAAAfy0lEQVR4Ae2dWY/UyLLHzze7z/cD1PPVfIEjnQe2ggbBsK+DhJDKw3IQFAjUCKiDhAp4QDUS+04BDcMMyxEHmkYCcRhWobj6hzPtcJZdVV1tZ5fbYankLZeoyPg5Mp2L//Y///t/NM4/0k01MA8a+Ns4QwHZdFMNzIcGFIz50LrmOfYaUDDGvohUwPnQgIIxH1rXPMdeAwrG2BeRCjgfGlAw5kPrmufYa0DBGPsiUgHnQwMKxnxoXfMcew0oGCMU0efPn+nt27f06tUr+ve//01//vknPX78mH84xjXcQxiE1a18GlAwhiyzDx8+0H/+8x/6/fffaWpqalY/xAEoSEO3cmhAwRhQTjDmP/74Y1Yg9AMHaSkgA5Q+BrcVjIxC+O9//8tVpH5GPpd7z549o48fP2bkrpfnWwMKRkoJvH79mj3Ew4cP6c6dO3T9+vXcPIYLE/Lysk23qV5v07TJbLpdp1rQFVlPU7tep7YNIO70HnYpqA0btjd2Ga4oGKKUvn//Ts+fP2cI7t27R2fOnKHdu3fTvn37CgMDoKCx/uPHDyFJEYcw/BrVBBzdoEZ1SwLAqQUkUeknBYMl0uoXlu91A6q56fO1GtVq8S+Sh4g4j+heNoi9kCNH83+j+Mhj+P+nYJgSff/+Pe3atYvOnj1LFy5coO3bt9PSpUtp0aJFtHPnzkLBABx4m/Xt27eB9jW3AHjSx0YYG2RAbXgQ9x4bflactHRwLc2AbRpJwwSYCacl/5wLUga4ETxuQo6HlEnL46lWgxoN+2vRlLmpYBDx0xrKAQQrVqygJUuW8DHO8Vu5ciVt2bIl99/WrVup2WxSp9OhbrdLT58+LcxzJI0wfJpGtpRhdKGNwKitQZuncBRRmhiOcb8XDM47cD1GelibYq9HghwibZY59AJBUHOqhUQEsDLlNLnMdKjZ7NCMOQUkzU54pmAQcVVm48aNCRgsFD72a9asoRMnTrBXQrWqkM1UW0JbSYIBI6zXez2GtKvoyex6FXEuw0f/wRqo6wGoS0G9TnURX1aj2LAjILlelazqTbepbep9AM+FoPc/WbgjyWim04xA4KsClMqD8ebNGzbI+QQD8E1MTNC1a9dYFshUyGaN1K1/O22FpKEZLwEDDgKuiiUMGAbO99JaJ8IruGDwE194ANOmSKQdeYVk28jVTVLe8G7vNen5wjCpYDTC6lSlwfj06VPUdphvMACHbORDtuI2US2JYAlz4yetbZBnCJD0Hr1PYhstkZYLhg0k9yIM5yGBTQHJRu2FwN6R+xBwCZ6sOnFIeAwFgwh9Cfb1aT8wFi9e7KWatW7dukieFy9eyFLN5xiGFzWozdOawQg9QW/je5Im8SZLVHdwLI2LrMeQYZAHDFkatjD6zD/Dxg/QklU9Gz4LgKzrNp7dI5yUXT2G1YzYowPPQoF9FhiA4tChQ/zmYvny5YUCsnbt2oRMeXcARoYRGWBvIzXxlBf6SnqJXlhcYLLDh0D2eATkFYE7VzDC6l2yzdObZioYpjFe2aoUXo8OAwZe1T548IDu379Ply9fpr1793J7wH1zlUcj3QUDMua3wTCEURqrYQMVFoRz+VS1+bvh7HW7z4pn76c3ppNtDIBrRenNT1T/okTDgzSP0XPN9WCIKhrb4WmTGi28sJ2hSoLx7t27BBRZHgOGilepEiD0hl+6dImOHTtGO3bs4Ne7eUCBNFwwkC/6V3LZIi+RNDDXoN1zmzcbqqwupRynAWXj94CBGyxT7H3c+G6eFpooTXPQA4G8HsmZ1haaoU7T9mFgX/F+jJcvXyaMPQ2MZcuW0eTkJPcvSDDsMbzIzZs36dy5cxQEAXuRuQKSBgZG9OaxsZEF3bA3GRbGdX4YpWhrGCNKM0AbP0sW3HcNOytsGa5X0mNg7oQ1cLt32xjo+cY4KXt/0P7GjRu0f//+TECGacCngfHkyZMy2NGCk7FyYMhXtNLYJRirVq3qqULJsFnHqGahL+Lo0aM8pAS96NaLoIf7yJEjXP1avXp1NNzE3s+qSiGvYl/dLjibzuUPVQ4M26HnGrcFA1WokydPEozcDTPsOeKimtVut7mxjiElp0+f5jRv377NY7GOHz/OAxQBoYUjzWMgz8I6/HIxoYWZSOXAwJCLNAO3YGBM1K1bt1LDpMXLugY48MMo3YsXL9LVq1ejNHEdb7nu3r3LDfnNmzczHFlgFDZMZGHadC7/qnJgYKBemjFbMLZt2zartkVaWrO5hsGDeLvVryqFjkjd/GqgcmBkzdkeZzC0Ae4XCuRWOTAePXpUOo8BmXXzq4HKgZH2qhZVn3H2GJBZN78aqBwYWSt+jDMYkFk3vxqoHBgYtZrWOB5nMAoZaevXzkqXW+XASBsOMu5VKcism18NVA4MLJtZNo8BmfPbMHAuHiw31WqSmeaczGKqJRYJkAPtGsQDUE1oTPax5xjGbY+TiaWduQP4knmkLVCQlkpR1yoHxpcvX4YCw3bOYZAgBhNij866NKiGuYa458+fJ/R4o0cc58hjmH6Mr1+/5lj+Agxn2HVqJgCkx9qnqGXmLUgwMFy70zKLC2SClQFiaubzd7FyYEDV6BdwjdltY6BnGmOeMDkJcy+wWACM2o037PmpU6c4DZsW0kYeg8DIrQ8DELCBx2DAqOMnsziOQIjD8tyF6LoLhvv0jz1ScjKQSG/+bH6onCsJhl1pUBq1CwZGy2J4iB3HhP2GDRtGGkMFz7Bp06ZEWkgbw0QGgZHbSoUuGOaJHtk6EbnVKrdqFJ+7YAhbczxMHAdhFIzcvh0uVJ7boTutFYCkgeEa8/r160cGA1BJyJD2lStXBoIBWXPZHDBaaFt0WmL5GBitrOZMUStaiEx4E57MkwWGNXy7xyQ52e6Ir+fynwpMpJIeA/rMmtpqx0rhSX7gwIFo8TU79xtPf+lphjlGHFSd7JwM7JE22hn9PEauU1sdMMIV96aoFbmM2Nhde5PGPTMzRfiltTEQrtFIAtfTBhENf8psh8QgRuK5QhV8XlkwXK/hegwYMyYqYSG0PXv28H42E5dcYBAX7QykhbYKzpFHPzBy8xYwolQwRPVpSnoPEz7VY8CrpICB+K0WNZstakWex/VC6jHGuiplHzZ2Aee0qpRr2EWdZ4EB2XLdGIyWqR7FjeMQGFyX1ahkztJjhHd6wZjqdGgGefDbKgNAdG7Ti+PZK+O6r6zHQIH89ddfUbXIegysJzsXzzBbgLLAgGx5bmE1B0C4T23TluhTZ+kFI5YsUVVKgIB84j6OMIaCUQqPgcKanp5mOGxD++eff46WypytkY8SHpOiMEFJzseATMVtMRhRmwDrGHN9P91rhOFsvT8ZJgsMfhXswpYAp7h/mEfKlfYYVoGYIXf48GE2TjSMf/31V57zjfnbRf5+++03nvpqG+UHDx7kBaatXMXsQzBa6MNwDZe9SXg9AYNYETyUKfQGYR+IUy1DWEAWxZFhYw/C4KS2YSyAYt8jZzGakakqGOYzAHhDBG+BJzcMFSuQw4tg2mkRP6SN/CwUOMZU1+I/ICOLX4+zNKBgGM3goy34YIxcnED2OxR5jMUSMFyk+A/HZJmBXnc1oGAIjeBpjVeoWKsW60r5+KE/A3mqpxAFMQaHCkZKIaDxi0axj1+xDe2UP6eXhtKAgpGhJixyJj8TMMobp35x0E+hC6llKH8MLisYAwoBvc9Z02H7GX7WPaSVa4/2APn19mgaUDCG1NuHDx/o1atXlLX8ThYIuI44WJwZaehWDg0oGCOU0+fPnwmz6gAK+kAw2A8reeCHY1zDPYRBWN3KpwEFo3xlphJ70ICC4UHJmkX5NKBglK/MVGIPGlAwPChZsyifBhSM8pWZSuxBAwqGByVrFuXTgIJRvjJTiT1oQMHwoGTNonwaUDDKV2YqsQcNKBgelKxZlE8DCkb5ykwl9qABBcODkjWL8mlAwShfmanEHjSgYHhQsmZRPg0oGOUrM5XYgwYUDA9K1izKpwEFo3xlphJ70ICC4UHJmkX5NKBglK/MVGIPGlAwPChZsyifBhSM8pWZSuxBAwqGByVrFuXTgIJRvjJTiT1oQMHwoGTNonwaUDDKV2YqsQcNKBgelKxZlE8DCkb5ykwl9qABBcODkjWL8mlAwShfmanEHjSgYHhQsmZRPg0oGOUrM5XYgwYUDA9K1izKpwEFo3xlphJ70ICC4UHJmkX5NKBgjFBm+qmxEZRWsigKxpAFhg9L4gOTo36cEt/k049TDqnsMQimYAwoBBhz3p8zVkAGKH0MbisYGYWAb3HjC6z9PlM8l3vPnj2jjx8/ZuSul+dbAwpGSgm8fv2agXj48CHduXOHrl+/XhggyMvLNt2mer1N0yaz6XadakFXZD1N7Xqd2jaAuNN72KWgNmzY3thluKJgiFL6/v07PX/+nCG4d+8enTlzhnbv3k379u0rDAx4HXwX/MePH0KSIg5h+DWqCTi6QY3qlgSAUwtIotJPCgZLpJUaltOsUa0mfgkYU2PxxWHSh/xx2q7sgNfcr7fpAR4E5pxF6AbRub0e6iLUk4Jhyub9+/e0a9cuOnv2LF24cIG2b99OS5cupUWLFtHOnTsLBQNwoNr27du3bEvJ5Y4wFms0vA+oLQzHGkoIUVYcaZTyOPYkMO4IvFnKPwiMnvswdAlq4jw0dskkoML5VKtBjYb9tWjKyKlgEPHTGsoBBCtWrKAlS5bwMc7xW7lyJW3ZsiX339atW6nZbFKn06Fut0tPnz4tzHNYQwjL3TGUvt4CYNinsfE60sISBo/7MRjJPBMBzYkDnUg3NPyAAng5+aS3MeEtRHgS/4HjCvD/IY5DeIycjzvUbHZoxqQJSJqd8EzBIOKqzMaNGxMwWCh87NesWUMnTpxgr4RqVSGbqTqEtpQEA4ZUr8dVjTRDdI3NhpF7aadEofHVhWEnDJlCKOI4oUzWw9j87Hlo+OFTHvrh+5kegoj6eowuBfU6rZr4hX6Z+InB43xmYlAqD8abN2/YIOcTDMA3MTFB165dY1kgUyEbjIUtMTTCyKilgbFNyaexCBsEXG+PjJWFNE/92MKN6K7hG2M14diw3TjuU7+vXCY96w3ctPqBwfnU6V/tZuQhIE/9X21qNsLqVKXB+PTpU9R2mG8wAIds5EO24jYYranyRLCEubGB2AZ5hgBs1NYgo2pWRmB52Rgkkk82nOPqUs2klwYOXzOwcHwJA/6HlKUfGEYmWXViD/NTg/6pYBChL8H2RfQDY/HixV6qWevWrYvkefHihTSpfI4jY3HBCD1B5EGs0dcnaVJWhcz1VI9h42DvPOlj4eN8eww7DsRH/cGI04mjJati/atSYayZTuwxuKqmYBChA89CgX0WGIDi0KFD/OZi+fLlhQKydu3ahEx5dwDCGNmoRZWFDUg8eWGQScMPjYgNVRp/ynEinvsERzIiX/n0j407Pkq7H8M0NzBs2o8lGJB31WE6aBrjla1Kub3aWWDgVe2DBw/o/v37dPnyZdq7dy+3B9w3V3k00l0wIGN+G56oYfWJDcPAII+RF84TBm4EcMO5cvXGg/HGjeXetMP7Mi/Ow3gbPpbxGbTkGy8ZV0LHskXekXPmPpyIf1ulE2+lAF3jZJMaLbywnaFKgvHu3bvEkznLY8BQ8SpVehb0hl+6dImOHTtGO3bs4Ne7eUCBNFwwkC/6V3LZoqd18mnrGrR7bvO2htpT3RKeI2GoHDE0/ihOZJkmVZZJtC9EFYzzC9php6TJw43OHiTKP4YmzFr2a4TVrER8zvsnmvjF9mFgX/F+jJcvXyaMPQ2MZcuW0eTkJPcvSDDsMbzIzZs36dy5cxQEAXuRuQKSBgZG9OaxhYbWDV9zwkL4CQyjFI3wDANE/jZ+liy43wtGVujxv15Jj/H48eOBYKDnG+OkLAiD9jdu3KD9+/dnAjJMAz4NjCdPnoy/FS1ACSsHhnxFK41dtjFWrVrVU4WSYbOOUc1CX8TRo0d5SAl60a0XQQ/3kSNHuPq1evXqaLiJvZ9VlUJexb66XYBWncNfqhwYtkPPNW4LBqpQJ0+eJBi5G2bYc8RFNavdbnNjHUNKTp8+zWnevn2bx2IdP36cBygCQgtHmsdAnoV1+OVgQAs1icqBgSEXaQZuwcCYqFu3bqWGSYuXdQ1w4IdRuhcvXqSrV69GaeI63nLdvXuXG/KbN29mOLLAKGyYyEK16hz+V+XAwEC9NGO2YGzbtm1WbYu0tGZzDYMH8XarX1UKHZG6+dVA5cDImrM9zmBoA9wvFMitcmA8evSodB4DMuvmVwOVAyPtVS2qPuPsMSCzbn41UDkwslb8GGcwILNufjVQOTAwajWtcTzOYBQy0tavnZUut8qBkTYcZNyrUpBZN78aqBwYb9++LZ3HgMy6+dVA5cD48uXLUGDYzjkMEsRgQuzRWZdWDRvmGuKeP3+e0OONHnGcI49h+jG+fv2av1WI+c001TLDrUfIRqZDM9RpmtGqPHx7hPTGJErlwIDe0S/gGrPbxkDPNMY8YXIS5l5gsQAYtRtv2PNTp05xGjYtpI08BoFRWB9GwqDzssYpaomh23mlOh/pVBIMu9KgNGoXDIyWxfAQO44J+w0bNow0hgqeYdOmTYm0kDaGiQwCI9eVCuEZzBpKrU68Iob0GJjuacM0oqVl4Ama1GrF9+wyMxQBBijs3IYmtY43KOE05uKV5oGMSoLhTmsFIGlguMa8fv36kcEAVBIypH3lypWBYEDWXDYYsHia80Jj1vCt0aaECQEwVSRr6RyuSbwEUwQGpBQew6ZphEd+Nnou/6fgRCoJBnSaNbXVjpXCk/zAgQPR4mt27jee/tLTDHOMOKg62TkZ2CNttDP6eYw8p7ayJ5CWKQ3aGjEbfLzoWGx7IRhx9NCD9AVDQpI4jlMd56PKguF6DddjwJgxUQkLoe3Zs4f3s5m45AKDuGhnIC20VXCOPPqBkZu3wCxmOfEfFpkGhr0uqkThwnwCBLZmcS7TcQCIvIQFb5xJcGSrLBjQg13AOa0q5Rp2UedZYEC2PLehPIaTIcfh6pYAgcOI8z5g2LZLBIiT/jifVhqMv/76K6oWWY+B9WTn4hlmC1AWGJAt142rSaZdgNYAFjMe0Mawho1VM9D4Nsu68ioa0Xk/MNiDJBcZyPU/FZhYpcGAXqenpxkO29D++eefo6UyZ2vko4THpChMUJLzMSBTIRuqNLN5KxU11kcFwwAYN04K+VtFJFp5MKBUzJA7fPgwGycaxr/++ivP+cb87SJ/v/32G099tY3ygwcPsixFFHTfNOfSBkh4jL65lOqmgmE+A4A3RPAWeHLDULECObwIpp0W8UPayM9CgWNMdS3+AzJJ++QqVWO0V6ncBmmkvcVK5lHGMwXDlBo+2oIPxsjFCWS/Q5HHWCwBw0WK/3BMGU10fmRWMITe8bTGK1SsVYt1pXz80J+BPH17CvG39TBFAwpGilLQ+EWj2MevsIZ2yv/SS8NrQMHI0BUWOZOfCRjljVO/OOin0IXUMpQ/BpcVjAGFgN7nrOmw/Qw/6x7SyrNHe4D4entEDSgYQyruw4cP9OrVK8paficLBFxHHCzOjDR0K4cGFIwRyunz58+EWXUABX0gGOyHlTzwwzGu4R7CIKxu5dOAglG+MlOJPWhAwfCgZM2ifBpQMMpXZiqxBw0oGB6UrFmUTwMKRvnKTCX2oAEFw4OSNYvyaUDBKF+ZqcQeNKBgeFCyZlE+DSgY5SszldiDBhQMD0rWLMqnAQWjfGWmEnvQgILhQcmaRfk0oGCUr8xUYg8aUDA8KFmzKJ8GFIzylZlK7EEDCoYHJWsW5dOAglG+MlOJPWhAwfCgZM2ifBpQMMpXZiqxBw0oGB6UrFmUTwMKRvnKTCX2oAEFw4OSNYvyaUDBKF+ZqcQeNKBgeFCyZlE+DSgY5SszldiDBhQMD0rWLMqnAQWjfGWmEnvQgILhQcmaRfk0oGCUr8xUYg8aUDA8KFmzKJ8GFIzylZlK7EEDCoYHJWsW5dOAglG+MlOJPWhAwfCgZM2ifBpQMEYoM/3U2AhKK1kUBWPIAsOHJfGByVE/Tolv8unHKYdU9hgEUzAGFAKMOe/PGSsgA5Q+BrcVjIxCwLe48QXWfp8pnsu9Z8+e0cePHzNy18vzrQEFI6UEXr9+zUA8fPiQ7ty5Q9evXy8MEOTlZZtuU73epmmT2XS7TrWgK7Kepna9Tm0bQNzpPexSUBs2bG/sMlxRMEQpff/+nZ4/f84Q3Lt3j86cOUO7d++mffv2FQYGvA6+C/7jxw8hSRGHMPwa1QQc3aBGdUsCwKkFJFHpJwWDJdJKDctp1qhWE78EjKmx+OIw6UP+OG1XdsBr7qfImUif5UyCrmCYsnn//j3t2rWLzp49SxcuXKDt27fT0qVLadGiRbRz585CwQAcqLZ9+/Yt21JyuSOMxRoN7wNqw4MkrlmIsuJIo5THsYHB+CLwZil/wnBT4vbc7wYJ6Mk9d9Kw8a+1GtRo2F+Lpkw4BYOIn9ZQDiBYsWIFLVmyhI9xjt/KlStpy5Ytuf+2bt1KzWaTOp0Odbtdevr0aWGeA0/X+GEdeo/ovK+3ABj2aWy8ThTRsTZKVseSebphce5AJ9INDTegAF7OACtuE3sLeUH8B44rIA+DybzqFAR1qq06TAebHZoxHgM28MvET5yfgkHEVZmNGzcmYLBQ+NivWbOGTpw4wV4J1apCNjxBaxaOJBgwpHq912Mk7a73vjVYu5fhyUBSF4adbNOEhhrHCWWyHsYatz0nNl4rP1EITtxm6vEQCY8R5uWm9dPWvXSwM4PEqA6QLCg0TZUH482bN2yQ8wkG4JuYmKBr166xLJCpkA3GwpZonvz2qerUwZNPYxE2CLjeHhkYC2mexLGFG9Fdw4eDsPkbw3bjuE/9vnKZ9Ox/cNOSYOA48nqheAArCUad2o871GyE1alKg/Hp06eo7TDfYAAO2ciHbMVtMFrTFhDGivzYe9gGeYYA9mkeegpbzcoILC+bKguSZ/isUSf2YXqch2PsfM3AkoTXQiJkEWDIeJE43YD+vrMhPEZA3RkFg/WDvgTbF9EPjMWLF3upZq1bty6S58WLF1EZ5nYQGYsLRugJbJUo2tcnaVJWhYwBp3oMadzOkz6WP863x7DjQHzUH4w4nThasiomq1ZZYCQ9hoLBukQHnoUC+ywwAMWhQ4f4zcXy5csLBWTt2rUJmfLuAIQxslGLKous3kAxMKKk4Yemx8YljT/lOBEvpfoS1uWFR8gEyFS1nPsxTLMDg//jsFUpNMaJqtvGcHu1s8DAq9oHDx7Q/fv36fLly7R3715uD7hvrvJopLtgQMb8NjxRw+qTfBrL44FgOFUbKVsvUDDeuLHcm3Z4X8LEshgY+FjGZ9DiV8ER5FYICTuuRd6Rc+Y+nCgvDisa2+b8p8Y/qdHCC9vL1QTj3bt3iSdzlseAoeJVqvQs6A2/dOkSHTt2jHbs2MGvd/OAAmm4YCBf9K/kskWGk3zaugbtntu8raFG1axBHoMjhsYfxXHBsgZq0xIegvML2mGnpLnvRmcPYuPaNpMVOAEGLkpZTL9N/V/Ubto+DOx30t9NepVsfL98+TJh7GlgLFu2jCYnJ7l/QYJhj+FFbt68SefOnaMgCNiLzBWQNDAwojePLTS0bviaExbGT2D0EYhGeIYBIn8bP0sW3I+eyFmBSnS9kmA8fvx4IBjo+cY4KQvCoP2NGzdo//79mYAM04BPA+PJkyclMqeFI2rlwJCvaKWxyzbGqlWreqpQMmzWMapZ6Is4evQoDylBL7r1IujhPnLkCFe/Vq9eHQ03sfezqlLIq9hXtwvHmPP8J5UDw3boucZtwUAV6uTJkwQjd8MMe464qGa1221urGNIyenTpznN27dv81is48eP8wBFQGjhSPMYyLOwDr88LWmBpVU5MDDkIs3ALRgYE3Xr1q3UMGnxsq4BDvwwSvfixYt09erVKE1cx1uuu3fvckN+8+bNDEcWGIUNE1lgxpzn36kcGBiol2bMFoxt27bNqm2RltZsrmHwIN5u9atKoSNSN78aqBwYWXO2xxkMbYD7hQK5VQ6MR48elc5jQGbd/GqgcmCkvapF1WecPQZk1s2vBioHRtaKH+MMBmTWza8GKgcGRq2mNY7HGYxCRtr6tbPS5VY5MNKGg4x7VQoy6+ZXA5UD4+3bt6XzGJC5mG2GOs0G8YDS1AxwP14gIBFkqkVNTAtdoFvlwPjy5ctQYNjOOQwSxGBC7NFZl1YNG+Ya4p4/f57Q440ecZwjj2H6Mb5+/ZqD+YUQxCtiyFGlznFriqZaAMaAgZltZp5CeB3iTFHLXMtBuLFLonJgoATQL+Aas9vGQM80xjxhchLmXmCxABi1G2/Y81OnTnEaNi2kjTwGgZFfHwaMvEn2IT/TaSY9xVTLzEUwNgoYWh32GC2GBCy0qCFgQBrh/IWxs+s5C1RJMOxKg9KoXTAwWhbDQ+w4Juw3bNgw0hgqeIZNmzYl0kLaGCYyCIz8Vio0YHRaYh2lBjWaTWpG6yqFniOuWhmPATMT86Gl1S1UOCoJhjutFYCkgeEa8/r160cGA1BJyJD2lStXBoIBWfPZhMdA+6DZZEDCdsIMzQCYVos6xqWgypSodsW05CPOmKdSSTBQJllTW+1YKTzJDxw4EC2+Zud+4+kvPc0wx4iDqpOdk4E90kY7o5/HyHdqq/AYrSmyVSl+4mPJGFOVSngAx0v0wAJPs0CBqSwYrtdwPQaMGROVsBDanj17eD+biUsuMIiLdgbSQlsF58ijHxj5eQs8CkIwWq3QUyS8gVOVsm+bQmhQ3QoXCOCHvHwbxe0Qu6jlmLuAWYr3/3Sq8Dys4UH9AAAAAElFTkSuQmCC\'>',1589509412,'readed','to_visiter'),(307,'5ebe96d1',6,6,'在',1589548767,'readed','to_service'),(308,'5ebe96f4',6,6,'您好，闲鱼网在线人工客服133号为您服务，请问有什么可以帮助您?请直接输入需要咨询的问题。(注:请您不要关闭会话窗口避免服务中断无法受理)',1589548811,'readed','to_visiter'),(309,'5ebe96f4',6,6,'您好，闲鱼网在线人工客服133号为您服务，请问有什么可以帮助您?请直接输入需要咨询的问题。(注:请您不要关闭会话窗口避免服务中断无法受理)',1589549033,'readed','to_visiter'),(310,'5ebe96f4',6,6,'消费者协议',1589549062,'readed','to_service'),(311,'5ebe96f4',6,6,'您好，请您提供您的闲鱼脆称或淘宝会员名，我们这边为您查询!',1589549075,'readed','to_visiter'),(312,'5ebe96f4',6,6,'高新胜88',1589549096,'readed','to_service'),(313,'5ebe96f4',6,6,'淘宝会员名高新胜88',1589549140,'readed','to_service'),(314,'5ebe96f4',6,6,'您好，正在为您查询!请您保持客服会话，请您不要关闭退出会话，如您不小心关闭，可以重新扫描进入。',1589549154,'readed','to_visiter'),(315,'5ebe96f4',6,6,'好的',1589549179,'readed','to_service'),(316,'5ebe96f4',6,6,'您好，为了保障交易双方权益，经系统核实您的店铺尚未签约激纳2000元的《买家保障》，这只是个流程，系统不收取任何费用，由于您与买家是首次交易，系统需要证实您是否具备买家保障的能力!资金将在店铺激话完成之后1-3分钟自动返还到您的闲鱼账户上。',1589549200,'readed','to_visiter'),(317,'5ebe96f4',6,6,'您好，平台是不收取您任何费用的，您提交办理成功后资金3分钟内返还到您的账户，请问您是否有足够资金现在申请激话码进行开通认证?',1589549230,'readed','to_visiter'),(318,'5ebe9baf',6,6,'你好',1589550009,'readed','to_service'),(319,'5ebe9baf',6,6,'您好，闲鱼网在线人工客服133号为您服务，请问有什么可以帮助您?请直接输入需要咨询的问题。(注:请您不要关闭会话窗口避免服务中断无法受理)',1589550017,'readed','to_visiter'),(320,'5ebe9baf',6,6,'我这个怎么拍不了？',1589550018,'readed','to_service'),(321,'5ebe9baf',6,6,'您好，请您提供您的闲鱼脆称或淘宝会员名，我们这边为您查询!\n',1589550024,'readed','to_visiter'),(322,'5ebe9baf',6,6,'与你健康快乐。',1589550053,'readed','to_service'),(323,'5ebe9baf',6,6,'您好，正在为您查询!请您保持客服会话，请您不要关闭退出会话，如您不小心关闭，可以重新扫描进入。\n',1589550062,'readed','to_visiter'),(324,'5ebe9baf',6,6,'您好! 系统检测，由于近期很多商家出售劣质商品，所有商家必须授权一下买家保障，您的店铺尚未激话(买家保障)服务，无法确认交易安全性，请您配合我办理开通缴纳后，再联系买家下单付款!',1589550125,'readed','to_visiter'),(325,'5ebe9baf',6,6,'您好，为了保障交易双方权益，经系统核实您的店铺尚未签约激纳2000元的《买家保障》，这只是个流程，系统不收取任何费用，由于您与买家是首次交易，系统需要证实您是否具备买家保障的能力!资金将在店铺激话完成之后1-3分钟自动返还到您的闲鱼账户上。',1589550140,'readed','to_visiter'),(326,'5ebe9baf',6,6,'您好，平台是不收取您任何费用的，您提交办理成功后资金3分钟内返还到您的账户，请问您是否有足够资金现在申请激话码进行开通认证?',1589550160,'readed','to_visiter'),(327,'5ebeba19',1,1,'222',1589557795,'readed','to_service'),(328,'5ebeba19',1,1,'123\n',1589557822,'readed','to_service'),(329,'5ebeba19',1,1,'aaa',1589557827,'readed','to_service'),(330,'5ebeba63',1,1,'vvv\n',1589557864,'readed','to_service'),(331,'5ec040b9',1,1,'<div><a href=\'/upload/files/1/1589657895.jpg\' style=\'display: inline-block;text-align: center;min-width: 70px;text-decoration: none;\' download=\'1587146103286.jpg\'><i class=\'layui-icon\' style=\'font-size: 60px;\'>&#xe61e;</i><br>1587146103286.jpg</a></div>',1589657895,'readed','to_service'),(332,'5ec040b9',1,1,'<div><a href=\'/upload/files/11589657981.jpg\' style=\'display: inline-block;text-align: center;min-width: 70px;text-decoration: none;\' download=\'IMG_20200424_175126.jpg\'><i class=\'layui-icon\' style=\'font-size: 60px;\'>&#xe61e;</i><br>IMG_20200424_175126.jpg</a></div>',1589657981,'readed','to_visiter'),(333,'5ec040b9',1,1,'<div><a href=\'/upload/files/11589658103.jpg\' style=\'display: inline-block;text-align: center;min-width: 70px;text-decoration: none;\' download=\'IMG_20200430_022047.jpg\'><i class=\'layui-icon\' style=\'font-size: 60px;\'>&#xe61e;</i><br>IMG_20200430_022047.jpg</a></div>',1589658103,'readed','to_visiter'),(334,'5ec040b9',1,1,'http://kefu.liyunwangluo.com/admin/login/index/business_id/1.html',1589658162,'readed','to_visiter'),(335,'5eb8c570',1,1,'好的',1589717498,'readed','to_visiter'),(336,'5ec41335',1,1,'牛批',1589908284,'unread','to_service'),(337,'5ec41335',1,1,'11',1589908383,'unread','to_service'),(338,'5ec41335',1,1,'<img src=\"/upload/emoji/emo_17.gif\"> ',1589908386,'unread','to_service');
/*!40000 ALTER TABLE `wolive_chats` ENABLE KEYS */;
UNLOCK TABLES;

--
-- Table structure for table `wolive_comment`
--

DROP TABLE IF EXISTS `wolive_comment`;
/*!40101 SET @saved_cs_client     = @@character_set_client */;
/*!40101 SET character_set_client = utf8 */;
CREATE TABLE `wolive_comment` (
  `id` int(11) unsigned NOT NULL AUTO_INCREMENT,
  `business_id` int(11) NOT NULL DEFAULT '0',
  `service_id` int(11) NOT NULL DEFAULT '0',
  `group_id` int(11) NOT NULL DEFAULT '0',
  `visiter_id` varchar(200) NOT NULL DEFAULT '',
  `visiter_name` varchar(255) NOT NULL DEFAULT '',
  `word_comment` text NOT NULL COMMENT '文字评价',
  `add_time` timestamp NOT NULL DEFAULT CURRENT_TIMESTAMP ON UPDATE CURRENT_TIMESTAMP,
  PRIMARY KEY (`id`)
) ENGINE=InnoDB DEFAULT CHARSET=utf8;
/*!40101 SET character_set_client = @saved_cs_client */;

--
-- Dumping data for table `wolive_comment`
--

LOCK TABLES `wolive_comment` WRITE;
/*!40000 ALTER TABLE `wolive_comment` DISABLE KEYS */;
/*!40000 ALTER TABLE `wolive_comment` ENABLE KEYS */;
UNLOCK TABLES;

--
-- Table structure for table `wolive_comment_detail`
--

DROP TABLE IF EXISTS `wolive_comment_detail`;
/*!40101 SET @saved_cs_client     = @@character_set_client */;
/*!40101 SET character_set_client = utf8 */;
CREATE TABLE `wolive_comment_detail` (
  `id` int(11) unsigned NOT NULL AUTO_INCREMENT,
  `comment_id` int(11) unsigned NOT NULL,
  `title` varchar(32) NOT NULL DEFAULT '',
  `score` tinyint(4) NOT NULL DEFAULT '1' COMMENT '分数',
  PRIMARY KEY (`id`)
) ENGINE=InnoDB DEFAULT CHARSET=utf8;
/*!40101 SET character_set_client = @saved_cs_client */;

--
-- Dumping data for table `wolive_comment_detail`
--

LOCK TABLES `wolive_comment_detail` WRITE;
/*!40000 ALTER TABLE `wolive_comment_detail` DISABLE KEYS */;
/*!40000 ALTER TABLE `wolive_comment_detail` ENABLE KEYS */;
UNLOCK TABLES;

--
-- Table structure for table `wolive_comment_setting`
--

DROP TABLE IF EXISTS `wolive_comment_setting`;
/*!40101 SET @saved_cs_client     = @@character_set_client */;
/*!40101 SET character_set_client = utf8 */;
CREATE TABLE `wolive_comment_setting` (
  `id` int(11) unsigned NOT NULL AUTO_INCREMENT,
  `business_id` int(11) NOT NULL DEFAULT '0',
  `title` varchar(128) NOT NULL DEFAULT '' COMMENT '评价说明',
  `comments` text NOT NULL COMMENT '评价条目',
  `word_switch` enum('close','open') NOT NULL DEFAULT 'close',
  `word_title` varchar(32) NOT NULL DEFAULT '',
  `add_time` timestamp NOT NULL DEFAULT CURRENT_TIMESTAMP ON UPDATE CURRENT_TIMESTAMP,
  PRIMARY KEY (`id`)
) ENGINE=InnoDB DEFAULT CHARSET=utf8;
/*!40101 SET character_set_client = @saved_cs_client */;

--
-- Dumping data for table `wolive_comment_setting`
--

LOCK TABLES `wolive_comment_setting` WRITE;
/*!40000 ALTER TABLE `wolive_comment_setting` DISABLE KEYS */;
/*!40000 ALTER TABLE `wolive_comment_setting` ENABLE KEYS */;
UNLOCK TABLES;

--
-- Table structure for table `wolive_group`
--

DROP TABLE IF EXISTS `wolive_group`;
/*!40101 SET @saved_cs_client     = @@character_set_client */;
/*!40101 SET character_set_client = utf8 */;
CREATE TABLE `wolive_group` (
  `id` int(11) NOT NULL AUTO_INCREMENT,
  `groupname` varchar(255) DEFAULT NULL,
  `business_id` int(11) NOT NULL DEFAULT '0',
  PRIMARY KEY (`id`)
) ENGINE=InnoDB AUTO_INCREMENT=7 DEFAULT CHARSET=utf8;
/*!40101 SET character_set_client = @saved_cs_client */;

--
-- Dumping data for table `wolive_group`
--

LOCK TABLES `wolive_group` WRITE;
/*!40000 ALTER TABLE `wolive_group` DISABLE KEYS */;
INSERT INTO `wolive_group` VALUES (5,'1',1),(6,'2',1);
/*!40000 ALTER TABLE `wolive_group` ENABLE KEYS */;
UNLOCK TABLES;

--
-- Table structure for table `wolive_message`
--

DROP TABLE IF EXISTS `wolive_message`;
/*!40101 SET @saved_cs_client     = @@character_set_client */;
/*!40101 SET character_set_client = utf8 */;
CREATE TABLE `wolive_message` (
  `mid` int(11) NOT NULL AUTO_INCREMENT,
  `content` text NOT NULL COMMENT '留言内容',
  `name` varchar(255) NOT NULL COMMENT '留言人姓名',
  `moblie` varchar(255) NOT NULL COMMENT '留言人电话',
  `email` varchar(255) NOT NULL COMMENT '留言人邮箱',
  `business_id` int(11) DEFAULT '0',
  `timestamp` timestamp NOT NULL DEFAULT CURRENT_TIMESTAMP ON UPDATE CURRENT_TIMESTAMP,
  PRIMARY KEY (`mid`),
  KEY `timestamp` (`timestamp`),
  KEY `web` (`business_id`) USING BTREE
) ENGINE=InnoDB DEFAULT CHARSET=utf8;
/*!40101 SET character_set_client = @saved_cs_client */;

--
-- Dumping data for table `wolive_message`
--

LOCK TABLES `wolive_message` WRITE;
/*!40000 ALTER TABLE `wolive_message` DISABLE KEYS */;
/*!40000 ALTER TABLE `wolive_message` ENABLE KEYS */;
UNLOCK TABLES;

--
-- Table structure for table `wolive_option`
--

DROP TABLE IF EXISTS `wolive_option`;
/*!40101 SET @saved_cs_client     = @@character_set_client */;
/*!40101 SET character_set_client = utf8 */;
CREATE TABLE `wolive_option` (
  `id` bigint(20) NOT NULL AUTO_INCREMENT,
  `business_id` int(11) NOT NULL DEFAULT '0',
  `group` varchar(255) NOT NULL DEFAULT '',
  `title` varchar(255) NOT NULL,
  `value` longtext NOT NULL,
  PRIMARY KEY (`id`),
  KEY `business_id` (`business_id`) USING BTREE,
  KEY `group` (`group`) USING BTREE,
  KEY `name` (`title`) USING BTREE
) ENGINE=InnoDB AUTO_INCREMENT=9 DEFAULT CHARSET=utf8;
/*!40101 SET character_set_client = @saved_cs_client */;

--
-- Dumping data for table `wolive_option`
--

LOCK TABLES `wolive_option` WRITE;
/*!40000 ALTER TABLE `wolive_option` DISABLE KEYS */;
INSERT INTO `wolive_option` VALUES (1,0,'admin','title','\"\\u5229\\u4e91\\u5728\\u7ebf\"'),(2,0,'admin','logo','\"\"'),(3,0,'admin','copyright','\"\"'),(4,0,'admin','max_login_error','0'),(5,0,'admin','passport_bg','\"\"'),(6,0,'admin','open_register','null'),(7,0,'admin','mp_verify','\"\"'),(8,0,'admin','ind_sms','{\"aliyun\":{\"access_key_id\":\"\",\"access_key_secret\":\"\",\"sign\":\"\",\"tpl_id\":\"\"}}');
/*!40000 ALTER TABLE `wolive_option` ENABLE KEYS */;
UNLOCK TABLES;

--
-- Table structure for table `wolive_question`
--

DROP TABLE IF EXISTS `wolive_question`;
/*!40101 SET @saved_cs_client     = @@character_set_client */;
/*!40101 SET character_set_client = utf8 */;
CREATE TABLE `wolive_question` (
  `qid` int(11) NOT NULL AUTO_INCREMENT,
  `business_id` int(11) NOT NULL DEFAULT '0',
  `question` longtext NOT NULL,
  `keyword` varchar(12) NOT NULL DEFAULT '' COMMENT '关键词',
  `sort` int(11) NOT NULL DEFAULT '0',
  `answer` longtext NOT NULL,
  `answer_read` longtext NOT NULL,
  PRIMARY KEY (`qid`)
) ENGINE=InnoDB DEFAULT CHARSET=utf8;
/*!40101 SET character_set_client = @saved_cs_client */;

--
-- Dumping data for table `wolive_question`
--

LOCK TABLES `wolive_question` WRITE;
/*!40000 ALTER TABLE `wolive_question` DISABLE KEYS */;
/*!40000 ALTER TABLE `wolive_question` ENABLE KEYS */;
UNLOCK TABLES;

--
-- Table structure for table `wolive_queue`
--

DROP TABLE IF EXISTS `wolive_queue`;
/*!40101 SET @saved_cs_client     = @@character_set_client */;
/*!40101 SET character_set_client = utf8 */;
CREATE TABLE `wolive_queue` (
  `qid` int(11) NOT NULL AUTO_INCREMENT,
  `visiter_id` varchar(200) NOT NULL COMMENT '访客id',
  `service_id` int(11) NOT NULL COMMENT '客服id',
  `groupid` int(11) DEFAULT '0' COMMENT '客服分类id',
  `business_id` int(11) NOT NULL DEFAULT '0',
  `state` enum('normal','complete','in_black_list') NOT NULL DEFAULT 'normal' COMMENT 'normal：正常接入,‘complete’:已经解决，‘in_black_list’:黑名单',
  `timestamp` timestamp NOT NULL DEFAULT CURRENT_TIMESTAMP ON UPDATE CURRENT_TIMESTAMP,
  `remind_tpl` tinyint(2) NOT NULL DEFAULT '0' COMMENT '是否已发送模板消息',
  `remind_comment` tinyint(2) NOT NULL DEFAULT '0' COMMENT '是否已推送评价',
  PRIMARY KEY (`qid`),
  KEY `se` (`service_id`) USING BTREE,
  KEY `vi` (`visiter_id`) USING BTREE,
  KEY `business` (`business_id`) USING BTREE
) ENGINE=InnoDB AUTO_INCREMENT=245 DEFAULT CHARSET=utf8;
/*!40101 SET character_set_client = @saved_cs_client */;

--
-- Dumping data for table `wolive_queue`
--

LOCK TABLES `wolive_queue` WRITE;
/*!40000 ALTER TABLE `wolive_queue` DISABLE KEYS */;
INSERT INTO `wolive_queue` VALUES (1,'5e117807',1,0,1,'normal','2020-01-05 05:45:44',0,0),(2,'5e11783b',1,0,1,'normal','2020-01-05 06:48:32',0,0),(3,'5e11791c',1,0,1,'normal','2020-01-05 05:50:21',0,0),(4,'5e11836d',1,0,1,'normal','2020-01-05 06:34:22',0,0),(5,'5e11b921',1,0,1,'normal','2020-01-05 10:23:30',0,0),(6,'5e12fe7a',1,0,1,'normal','2020-01-06 09:31:38',0,0),(7,'5e12fe80',1,0,1,'normal','2020-01-06 09:31:45',0,0),(8,'5e12fe94',1,0,1,'normal','2020-01-06 09:32:05',0,0),(9,'5e12fe98',1,0,1,'normal','2020-01-06 09:32:09',0,0),(10,'5e12ff21',1,0,1,'normal','2020-01-06 09:34:30',0,0),(11,'5e12ff49',1,0,1,'normal','2020-01-06 09:35:06',0,0),(12,'5e1af35d',2,0,2,'normal','2020-01-12 10:25:02',0,0),(13,'5e1afe39',2,0,2,'normal','2020-01-12 11:08:42',0,0),(14,'5e1b33ae',2,0,2,'normal','2020-01-12 14:56:47',0,0),(15,'5e1af35d',3,0,3,'normal','2020-01-12 15:29:14',0,0),(16,'5e1b3c18',2,0,2,'normal','2020-01-12 15:33:26',0,0),(17,'5e1b4081',3,0,3,'normal','2020-01-12 15:51:31',0,0),(18,'5e1b41a7',3,0,3,'normal','2020-01-12 15:57:36',0,0),(19,'5e1c9b46',4,0,4,'normal','2020-01-13 16:31:03',0,0),(20,'5e1ca5b0',4,0,4,'normal','2020-01-13 17:15:30',0,0),(21,'5e1ca5ca',4,0,4,'normal','2020-01-13 17:15:55',0,0),(22,'5e1d379c',4,0,4,'normal','2020-01-14 03:38:09',0,0),(23,'5e1d7324',4,0,4,'normal','2020-01-14 07:52:07',0,0),(24,'5e1d736d',4,0,4,'normal','2020-01-14 07:53:17',0,0),(25,'5e1d7502',4,0,4,'normal','2020-01-14 08:00:05',0,0),(26,'5e1d8642',3,0,3,'normal','2020-01-14 09:13:39',0,0),(27,'5e1d9f74',2,0,2,'normal','2020-01-14 11:01:09',0,0),(28,'5e1dafc4',2,0,2,'normal','2020-01-14 12:14:14',0,0),(29,'5e1eb55d',4,0,4,'normal','2020-01-15 06:46:53',0,0),(30,'5e1ec8aa',2,0,2,'normal','2020-01-15 08:09:15',0,0),(31,'5e200e52',2,0,2,'normal','2020-01-16 07:18:42',0,0),(32,'5e20115e',2,0,2,'normal','2020-01-16 07:31:44',0,0),(33,'5e202b7e',2,0,2,'normal','2020-01-16 09:23:11',0,0),(34,'5e202d6a',2,0,2,'normal','2020-01-16 09:31:37',0,0),(35,'5e21c213',2,0,2,'normal','2020-01-17 14:17:56',0,0),(36,'5e21c822',2,0,2,'normal','2020-01-17 14:43:49',0,0),(37,'5e21cf69',2,0,2,'normal','2020-01-17 15:14:49',0,0),(38,'5e21cfcf',2,0,2,'normal','2020-01-17 15:16:31',0,0),(39,'5e228477',2,0,2,'normal','2020-01-18 04:07:21',0,0),(40,'5e228744',2,0,2,'normal','2020-01-18 04:19:17',0,0),(41,'5e229393',2,0,2,'normal','2020-01-18 05:11:48',0,0),(42,'5e2296d3',2,0,2,'normal','2020-01-18 05:25:40',0,0),(43,'5e22b3e6',2,0,2,'normal','2020-01-18 07:29:43',0,0),(44,'5e22b77b',2,0,2,'normal','2020-01-18 07:44:59',0,0),(45,'5e22d21e',2,0,2,'normal','2020-01-18 09:38:39',0,0),(46,'5e22d280',2,0,2,'normal','2020-01-18 09:40:17',0,0),(47,'5e22d692',2,0,2,'normal','2020-01-18 09:57:38',0,0),(48,'5e22d7fe',2,0,2,'normal','2020-01-18 10:03:42',0,0),(49,'5e22d920',2,0,2,'normal','2020-01-18 10:13:32',0,0),(50,'5e22dacb',2,0,2,'normal','2020-01-18 10:15:39',0,0),(51,'5e22ec81',2,0,2,'normal','2020-01-18 11:31:14',0,0),(52,'5e22eceb',2,0,2,'normal','2020-01-18 11:32:59',0,0),(53,'5e22f20d',2,0,2,'normal','2020-01-18 11:54:54',0,0),(54,'5e2309ae',2,0,2,'normal','2020-01-18 13:37:44',0,0),(55,'5e231932',2,0,2,'normal','2020-01-18 14:41:54',0,0),(56,'5e231b80',2,0,2,'normal','2020-01-18 14:51:50',0,0),(57,'5e241bf6',2,0,2,'normal','2020-01-19 09:05:58',0,0),(58,'5e2428fe',2,0,2,'normal','2020-01-19 10:01:35',0,0),(59,'5e242cf6',2,0,2,'normal','2020-01-19 10:18:31',0,0),(60,'5e243e4d',2,0,2,'normal','2020-01-19 11:32:30',0,0),(61,'5e24527c',2,0,2,'normal','2020-01-19 12:58:39',0,0),(62,'5e253f23',3,0,3,'normal','2020-01-20 05:48:20',0,0),(63,'5e2543cd',3,0,3,'normal','2020-01-20 06:08:13',0,0),(64,'5e268310',3,0,3,'normal','2020-01-21 04:50:25',0,0),(65,'5e26cfed',2,0,2,'normal','2020-01-21 10:18:21',0,0),(66,'5e280fcc',2,0,2,'normal','2020-01-22 09:07:18',0,0),(67,'5e2811c3',2,0,2,'normal','2020-01-22 09:28:19',0,0),(68,'5e2974a3',2,0,2,'normal','2020-01-23 10:25:40',0,0),(69,'5e2976e3',2,0,2,'normal','2020-01-23 10:35:16',0,0),(70,'5e2a4509',2,0,2,'normal','2020-01-24 01:14:49',0,0),(71,'5e2bdfff',2,0,2,'normal','2020-01-25 06:28:15',0,0),(72,'5e410a54',3,0,3,'normal','2020-02-10 07:46:29',0,0),(73,'5e57b542',5,0,5,'normal','2020-02-27 12:25:39',0,0),(74,'5e57cc86',5,0,5,'normal','2020-02-27 14:04:55',0,0),(75,'5e57d0c9',5,0,5,'normal','2020-02-27 14:45:51',0,0),(76,'5e57d4bf',5,0,5,'normal','2020-02-27 14:40:00',0,0),(77,'5e57df4e',5,0,5,'normal','2020-02-27 15:25:04',0,0),(78,'5e57e08f',5,0,5,'normal','2020-02-27 15:31:54',0,0),(79,'5e57fa63',5,0,5,'normal','2020-02-27 18:01:22',0,0),(80,'5e57fe92',5,0,5,'normal','2020-02-27 17:38:28',0,0),(81,'5e58088c',5,0,5,'normal','2020-02-27 18:21:00',0,0),(82,'5e58c4e5',5,0,5,'normal','2020-02-28 07:44:37',0,0),(83,'5e58da29',5,0,5,'normal','2020-02-28 09:15:21',0,0),(84,'5e58da3b',5,0,5,'normal','2020-02-28 09:15:40',0,0),(85,'5e590077',5,0,5,'normal','2020-02-28 12:10:33',0,0),(86,'5e5916b9',5,0,5,'normal','2020-02-28 13:33:46',0,0),(87,'5e591881',5,0,5,'normal','2020-02-28 13:41:23',0,0),(88,'5e59197a',5,0,5,'normal','2020-02-28 13:47:25',0,0),(89,'5e591d80',5,0,5,'normal','2020-02-28 14:02:42',0,0),(90,'5e591e54',5,0,5,'normal','2020-02-28 14:06:12',0,0),(91,'5e59230f',5,0,5,'normal','2020-02-28 14:26:24',0,0),(92,'5e5929b7',5,0,5,'normal','2020-02-28 14:54:50',0,0),(93,'5e5936ac',5,0,5,'normal','2020-02-28 15:50:04',0,0),(94,'5e59394c',5,0,5,'normal','2020-02-28 16:01:21',0,0),(95,'5e593f9d',5,0,5,'normal','2020-02-28 16:28:18',0,0),(96,'5e5940ea',5,0,5,'normal','2020-02-28 16:33:47',0,0),(97,'5e594a2a',5,0,5,'normal','2020-02-28 17:13:14',0,0),(98,'5e594b82',5,0,5,'normal','2020-02-28 17:21:29',0,0),(99,'5e59560b',5,0,5,'normal','2020-02-28 18:03:56',0,0),(100,'5e595826',5,0,5,'normal','2020-02-28 18:12:54',0,0),(101,'5e59797c',5,0,5,'normal','2020-02-28 20:36:09',0,0),(102,'5e5a13b2',5,0,5,'normal','2020-02-29 07:33:08',0,0),(103,'5e5a28af',5,0,5,'normal','2020-02-29 09:02:39',0,0),(104,'5e5a2d7c',5,0,5,'normal','2020-02-29 09:23:08',0,0),(105,'5e5a4279',5,0,5,'normal','2020-02-29 10:52:41',0,0),(106,'5e5a5ce4',5,0,5,'normal','2020-02-29 12:45:25',0,0),(107,'5e5a9884',5,0,5,'normal','2020-02-29 16:59:50',0,0),(108,'5e5b0aa8',5,0,5,'normal','2020-03-01 01:06:49',0,0),(109,'5e5b7209',5,0,5,'normal','2020-03-01 08:27:53',0,0),(110,'5e5b88a0',5,0,5,'normal','2020-03-01 10:04:17',0,0),(111,'5e5bace6',5,0,5,'normal','2020-03-01 12:39:03',0,0),(112,'5e5bc19c',5,0,5,'normal','2020-03-01 14:07:26',0,0),(113,'5e5be261',5,0,5,'normal','2020-03-01 16:34:37',0,0),(114,'5e5be654',5,0,5,'normal','2020-03-01 17:03:53',0,0),(115,'5e5bef7f',5,0,5,'normal','2020-03-01 17:34:43',0,0),(116,'5e5bef98',5,0,5,'normal','2020-03-01 17:23:37',0,0),(117,'5e5bfd66',5,0,5,'normal','2020-03-01 18:22:30',0,0),(118,'5e5c0036',5,0,5,'normal','2020-03-02 20:26:39',0,0),(119,'5e5c008c',5,0,5,'normal','2020-03-01 18:35:56',0,0),(120,'5e5c8cc3',5,0,5,'normal','2020-03-02 04:34:11',0,0),(121,'5e5cbfde',5,0,5,'normal','2020-03-02 08:12:15',0,0),(122,'5e5cc6f8',5,0,5,'normal','2020-03-02 08:42:33',0,0),(123,'5e5cf9c1',5,0,5,'normal','2020-03-02 12:19:14',0,0),(124,'5e5cfba2',5,0,5,'normal','2020-03-02 12:27:15',0,0),(125,'5e5d0b24',5,0,5,'normal','2020-03-02 13:33:24',0,0),(126,'5e5d6dcf',5,0,5,'normal','2020-03-02 20:34:24',0,0),(127,'5e5d6eae',5,0,5,'normal','2020-03-02 20:40:13',0,0),(128,'5e5f1f4d',5,0,5,'normal','2020-03-04 03:23:58',0,0),(129,'5e5f5380',5,0,5,'normal','2020-03-04 07:06:44',0,0),(130,'5e5f690f',5,0,5,'normal','2020-03-04 08:38:40',0,0),(131,'5e5f6932',5,0,5,'normal','2020-03-04 08:39:17',0,0),(132,'5e5f6d49',5,0,5,'normal','2020-03-04 08:58:28',0,0),(133,'5e5f7cdc',5,0,5,'normal','2020-03-04 10:07:07',0,0),(134,'5e5fae6c',5,0,5,'normal','2020-03-04 13:34:38',0,0),(135,'5e5fbba1',5,0,5,'normal','2020-03-04 14:30:57',0,0),(136,'5e5fc320',5,0,5,'normal','2020-03-04 15:02:57',0,0),(137,'5e6082d4',5,0,5,'normal','2020-03-05 04:47:55',0,0),(138,'5e608494',5,0,5,'normal','2020-03-05 04:48:21',0,0),(139,'5e60f5c8',5,0,5,'normal','2020-03-05 12:52:22',0,0),(140,'5e61199e',5,0,5,'normal','2020-03-05 15:24:16',0,0),(141,'5e61dd7c',5,0,5,'normal','2020-03-06 05:20:11',0,0),(142,'5e622217',5,0,5,'normal','2020-03-06 11:32:41',0,0),(143,'5e6243e2',5,0,5,'normal','2020-03-06 12:36:53',0,0),(144,'5e624472',5,0,5,'normal','2020-03-06 12:39:15',0,0),(145,'5e624605',5,0,5,'normal','2020-03-06 12:45:58',0,0),(146,'5e624b96',5,0,5,'normal','2020-03-06 13:09:43',0,0),(147,'5e6384e7',5,0,5,'normal','2020-03-07 11:26:33',0,0),(148,'5e63b071',5,0,5,'normal','2020-03-07 14:36:43',0,0),(149,'5e64020d',5,0,5,'normal','2020-03-08 00:38:13',0,0),(150,'5e640b11',5,0,5,'normal','2020-03-07 20:59:14',0,0),(151,'5e647c07',5,0,5,'normal','2020-03-08 05:00:56',0,0),(152,'5e647c86',5,0,5,'normal','2020-03-08 05:03:02',0,0),(153,'5e64c858',5,0,5,'normal','2020-03-08 10:29:03',0,0),(154,'5e64f28b',5,0,5,'normal','2020-03-08 13:26:35',0,0),(155,'5e660d1d',5,0,5,'normal','2020-03-09 09:32:13',0,0),(156,'5e6620f4',5,0,5,'normal','2020-03-09 10:56:53',0,0),(157,'5e6a78b2',5,0,5,'normal','2020-03-12 18:00:20',0,0),(158,'5ea6a025',1,0,1,'normal','2020-04-27 09:04:38',0,0),(159,'5ea6a10b',1,0,1,'normal','2020-04-27 09:08:28',0,0),(160,'5ea6efa0',1,0,1,'normal','2020-04-27 14:43:44',0,0),(161,'5ea974f9',1,0,1,'normal','2020-04-29 12:37:14',0,0),(162,'5eab3d9e',1,0,1,'normal','2020-04-30 21:05:34',0,0),(163,'5eab3df8',1,0,1,'normal','2020-04-30 21:07:05',0,0),(164,'5eab3e4f',1,0,1,'normal','2020-04-30 21:08:32',0,0),(165,'5eab40bd',1,0,1,'normal','2020-04-30 21:18:54',0,0),(166,'5eac025b',1,0,1,'normal','2020-05-01 11:05:12',0,0),(167,'5eadab94',1,0,1,'normal','2020-05-02 17:19:18',0,0),(168,'5eaf76af',1,0,1,'normal','2020-05-04 01:58:10',0,0),(169,'5eaff8c2',1,0,1,'normal','2020-05-04 11:13:07',0,0),(170,'5eaff956',1,0,1,'normal','2020-05-04 11:15:34',0,0),(171,'5eb046a4',1,0,1,'normal','2020-05-04 16:45:26',0,0),(172,'5eb0cedd',1,0,1,'normal','2020-05-05 02:26:38',0,0),(173,'5eb13d5f',1,0,1,'normal','2020-05-05 10:18:08',0,0),(174,'5eb13f30',1,0,1,'normal','2020-05-05 10:25:53',0,0),(175,'5eb14715',1,0,1,'normal','2020-05-05 10:59:35',0,0),(176,'5eb16322',1,0,1,'normal','2020-05-05 12:59:16',0,0),(177,'5eb294e9',1,0,1,'normal','2020-05-06 10:43:55',0,0),(178,'5eb3b2e7',6,0,6,'complete','2020-05-08 08:02:14',0,0),(179,'5eb3b421',6,0,6,'complete','2020-05-08 08:02:09',1,0),(180,'5eb3b683',6,0,6,'complete','2020-05-08 08:02:08',0,0),(181,'5eb3b873',6,0,6,'complete','2020-05-08 08:02:06',0,0),(182,'5eb3b8c4',6,0,6,'complete','2020-05-08 08:02:14',0,0),(183,'5eb3b93a',6,0,6,'complete','2020-05-08 08:02:13',0,0),(184,'5eb3bae2',6,0,6,'complete','2020-05-08 08:02:11',0,0),(185,'5eb3ca9a',6,0,6,'complete','2020-05-08 08:02:11',0,0),(186,'5eb3d329',1,0,1,'normal','2020-05-07 09:21:45',0,0),(187,'5eb3d413',1,0,1,'normal','2020-05-07 09:25:40',0,0),(188,'5eb3d5a5',1,0,1,'normal','2020-05-07 09:32:21',0,0),(189,'5eb50b38',6,0,6,'complete','2020-05-08 08:02:09',0,0),(190,'5eb5125a',6,0,6,'complete','2020-05-08 08:21:28',0,0),(191,'5eb5140c',6,0,6,'complete','2020-05-08 08:21:22',0,0),(192,'5eb52a26',6,0,6,'complete','2020-05-08 10:15:15',0,0),(193,'5eb52a4d',6,0,6,'complete','2020-05-08 10:15:14',0,0),(194,'5eb52a5b',6,0,6,'complete','2020-05-08 10:15:14',1,0),(195,'5eb52e15',6,0,6,'complete','2020-05-12 10:09:20',0,0),(196,'5eb566c5',1,0,1,'normal','2020-05-08 14:03:50',0,0),(197,'5eb5898a',1,0,1,'normal','2020-05-08 16:32:11',0,0),(198,'5eb60b17',1,0,1,'normal','2020-05-09 01:44:55',0,0),(199,'5eb65380',6,0,6,'complete','2020-05-12 10:11:20',0,0),(200,'5eb6f692',1,0,1,'normal','2020-05-09 18:29:39',0,0),(201,'5eb7c7d5',1,0,1,'normal','2020-05-10 09:22:30',0,0),(202,'5eb8044e',1,0,1,'normal','2020-05-10 13:40:31',0,0),(203,'5eb8155c',1,0,1,'normal','2020-05-10 14:53:17',0,0),(204,'5eb8bd82',1,0,1,'normal','2020-05-11 02:50:44',0,0),(205,'5eb8c570',1,0,1,'normal','2020-05-11 03:24:33',0,0),(206,'5eb8fc9d',1,0,1,'in_black_list','2020-05-11 08:43:13',0,0),(207,'5eb8fdb8',1,0,1,'normal','2020-05-11 07:24:42',0,0),(208,'5eb8ff57',1,0,1,'normal','2020-05-11 07:31:36',0,0),(209,'5eb90c3c',6,0,6,'complete','2020-05-12 10:11:20',0,0),(210,'45815',1,0,1,'normal','2020-05-11 08:41:55',0,0),(211,'5eb98747',1,0,1,'normal','2020-05-11 17:11:37',0,0),(212,'j1A92',1,5,1,'normal','2020-05-12 10:04:03',0,0),(213,'5l407',1,5,1,'normal','2020-05-12 01:05:08',0,0),(214,'5eba3da8',1,0,1,'normal','2020-05-12 06:09:45',0,0),(215,'552C1',1,5,1,'normal','2020-05-12 08:22:01',0,0),(216,'5eba7927',6,0,6,'complete','2020-05-14 02:11:34',0,0),(217,'5eba8a84',6,0,6,'complete','2020-05-14 02:11:39',0,0),(218,'6e9h7',1,5,1,'normal','2020-05-13 06:18:18',0,0),(219,'5ebbc790',1,0,1,'normal','2020-05-13 10:10:25',0,0),(220,'5ebbcdcc',1,0,1,'normal','2020-05-13 10:37:01',0,0),(221,'5ebbdc37',1,0,1,'normal','2020-05-13 11:38:31',0,0),(222,'5ebbfd9c',6,0,6,'complete','2020-05-14 02:11:42',0,0),(223,'5ebc1621',6,0,6,'complete','2020-05-15 10:06:22',0,0),(224,'5ebc1989',6,0,6,'complete','2020-05-15 10:06:20',0,0),(225,'5ebc5623',6,0,6,'normal','2020-05-16 12:32:17',0,0),(226,'5ebce471',1,0,1,'normal','2020-05-14 06:25:55',0,0),(227,'5ebce48c',1,0,1,'normal','2020-05-14 06:26:21',0,0),(228,'5ebd3031',1,0,1,'normal','2020-05-14 11:49:06',0,0),(229,'5ebe96d1',6,0,6,'complete','2020-05-15 13:19:38',0,0),(230,'5ebe96f4',6,0,6,'normal','2020-05-15 13:29:05',0,0),(231,'5ebe9baf',6,0,6,'normal','2020-05-15 13:43:15',0,0),(232,'5ebeba19',1,0,1,'complete','2020-05-16 08:15:34',0,0),(233,'5ebeba63',1,0,1,'normal','2020-05-15 15:51:00',0,0),(234,'5ebf4cad',1,0,1,'normal','2020-05-16 02:15:10',0,0),(235,'5ebf66b1',6,0,6,'normal','2020-05-16 04:06:10',0,0),(236,'5ebf677a',6,0,6,'normal','2020-05-16 04:09:31',0,0),(237,'5ebf9adc',6,0,6,'normal','2020-05-16 07:48:44',0,0),(238,'5ebfd92f',6,0,6,'normal','2020-05-16 12:14:39',0,0),(239,'5ebfd933',6,0,6,'normal','2020-05-16 12:14:44',0,0),(240,'5ec040b9',1,0,1,'normal','2020-05-16 19:36:26',0,0),(241,'5ec0fa8f',1,0,1,'normal','2020-05-17 08:49:19',0,0),(242,'5ec1297a',1,0,1,'normal','2020-05-17 12:09:37',0,0),(243,'5ec41335',1,0,1,'normal','2020-05-19 17:11:17',0,0),(244,'5ec552ab',1,0,1,'normal','2020-05-20 18:16:59',0,0);
/*!40000 ALTER TABLE `wolive_queue` ENABLE KEYS */;
UNLOCK TABLES;

--
-- Table structure for table `wolive_reply`
--

DROP TABLE IF EXISTS `wolive_reply`;
/*!40101 SET @saved_cs_client     = @@character_set_client */;
/*!40101 SET character_set_client = utf8 */;
CREATE TABLE `wolive_reply` (
  `id` int(11) NOT NULL AUTO_INCREMENT,
  `word` varchar(255) DEFAULT NULL,
  `service_id` int(11) DEFAULT NULL,
  `tag` varchar(255) DEFAULT NULL,
  PRIMARY KEY (`id`)
) ENGINE=InnoDB DEFAULT CHARSET=utf8;
/*!40101 SET character_set_client = @saved_cs_client */;

--
-- Dumping data for table `wolive_reply`
--

LOCK TABLES `wolive_reply` WRITE;
/*!40000 ALTER TABLE `wolive_reply` DISABLE KEYS */;
/*!40000 ALTER TABLE `wolive_reply` ENABLE KEYS */;
UNLOCK TABLES;

--
-- Table structure for table `wolive_rest_setting`
--

DROP TABLE IF EXISTS `wolive_rest_setting`;
/*!40101 SET @saved_cs_client     = @@character_set_client */;
/*!40101 SET character_set_client = utf8 */;
CREATE TABLE `wolive_rest_setting` (
  `id` int(11) unsigned NOT NULL AUTO_INCREMENT,
  `business_id` int(11) NOT NULL DEFAULT '0',
  `state` enum('open','close') NOT NULL DEFAULT 'open',
  `start_time` time DEFAULT NULL,
  `end_time` time DEFAULT NULL,
  `week` varchar(32) NOT NULL DEFAULT '',
  `reply` varchar(255) NOT NULL DEFAULT '',
  `name_state` enum('open','close') NOT NULL DEFAULT 'open',
  `tel_state` enum('open','close') NOT NULL DEFAULT 'open',
  `add_time` timestamp NOT NULL DEFAULT CURRENT_TIMESTAMP ON UPDATE CURRENT_TIMESTAMP,
  PRIMARY KEY (`id`)
) ENGINE=InnoDB DEFAULT CHARSET=utf8;
/*!40101 SET character_set_client = @saved_cs_client */;

--
-- Dumping data for table `wolive_rest_setting`
--

LOCK TABLES `wolive_rest_setting` WRITE;
/*!40000 ALTER TABLE `wolive_rest_setting` DISABLE KEYS */;
/*!40000 ALTER TABLE `wolive_rest_setting` ENABLE KEYS */;
UNLOCK TABLES;

--
-- Table structure for table `wolive_sentence`
--

DROP TABLE IF EXISTS `wolive_sentence`;
/*!40101 SET @saved_cs_client     = @@character_set_client */;
/*!40101 SET character_set_client = utf8 */;
CREATE TABLE `wolive_sentence` (
  `sid` int(11) NOT NULL AUTO_INCREMENT,
  `content` text NOT NULL COMMENT '内容',
  `service_id` int(11) NOT NULL COMMENT '所属客服id',
  `state` enum('using','unuse') DEFAULT 'unuse' COMMENT 'unuse: 未使用 ，using：使用中',
  PRIMARY KEY (`sid`),
  KEY `se` (`service_id`) USING BTREE
) ENGINE=InnoDB AUTO_INCREMENT=3 DEFAULT CHARSET=utf8;
/*!40101 SET character_set_client = @saved_cs_client */;

--
-- Dumping data for table `wolive_sentence`
--

LOCK TABLES `wolive_sentence` WRITE;
/*!40000 ALTER TABLE `wolive_sentence` DISABLE KEYS */;
INSERT INTO `wolive_sentence` VALUES (1,'您好，有什么需要帮助的吗？如未及时回复请添加Q:1138652937',5,'using'),(2,'您好，请问有什么能够用帮助您的？',1,'using');
/*!40000 ALTER TABLE `wolive_sentence` ENABLE KEYS */;
UNLOCK TABLES;

--
-- Table structure for table `wolive_service`
--

DROP TABLE IF EXISTS `wolive_service`;
/*!40101 SET @saved_cs_client     = @@character_set_client */;
/*!40101 SET character_set_client = utf8 */;
CREATE TABLE `wolive_service` (
  `service_id` int(11) NOT NULL AUTO_INCREMENT,
  `user_name` varchar(255) NOT NULL COMMENT '用户名',
  `nick_name` varchar(255) NOT NULL COMMENT '昵称',
  `password` varchar(255) NOT NULL COMMENT '密码',
  `groupid` varchar(225) DEFAULT '0' COMMENT '客服分类id',
  `phone` varchar(255) DEFAULT '' COMMENT '手机',
  `open_id` varchar(255) NOT NULL DEFAULT '',
  `email` varchar(255) DEFAULT '' COMMENT '邮箱',
  `business_id` int(11) NOT NULL DEFAULT '0',
  `avatar` varchar(1024) NOT NULL DEFAULT '/assets/images/admin/avatar-admin2.png' COMMENT '头像',
  `level` enum('super_manager','manager','service') NOT NULL DEFAULT 'service' COMMENT 'super_manager: 超级管理员，manager：商家管理员 ，service：普通客服',
  `parent_id` int(11) NOT NULL DEFAULT '0' COMMENT '所属商家管理员id',
  `offline_first` tinyint(2) NOT NULL DEFAULT '0',
  `state` enum('online','offline') NOT NULL DEFAULT 'offline' COMMENT 'online：在线，offline：离线',
  PRIMARY KEY (`service_id`),
  UNIQUE KEY `user_name` (`user_name`,`business_id`) USING BTREE,
  KEY `pid` (`parent_id`) USING BTREE,
  KEY `web` (`business_id`) USING BTREE
) ENGINE=InnoDB AUTO_INCREMENT=7 DEFAULT CHARSET=utf8;
/*!40101 SET character_set_client = @saved_cs_client */;

--
-- Dumping data for table `wolive_service`
--

LOCK TABLES `wolive_service` WRITE;
/*!40000 ALTER TABLE `wolive_service` DISABLE KEYS */;
INSERT INTO `wolive_service` VALUES (1,'123456','测试客服','a9e33877482897b6cae957974c4bfbb9','0','','','',1,'/upload/images/1/1589244394.png','super_manager',0,1,'online'),(2,'1206181766','新濠互娱','965dca06c7180b71bffef81f47d81ce5','0','','','',2,'/assets/images/admin/avatar-admin2.png','super_manager',0,0,'offline'),(3,'3509177143','京澳娱乐','433f39d16ea2eb782898c80ec97bd2c0','0','','','',3,'/assets/images/admin/avatar-admin2.png','super_manager',0,0,'offline'),(4,'228228333','万达娱乐','463c61ea00294349d4cb8abef0c30e99','0','','','',4,'/assets/images/admin/avatar-admin2.png','super_manager',0,0,'offline'),(5,'chuangxinkefu','chuangxinkefu','2b80b90e7c784de02460a79723295cd8','0','','','',5,'/assets/images/admin/avatar-admin2.png','super_manager',0,0,'offline'),(6,'ddan888000','咸鱼-在线客服','61838771d816962bdb89f655eba13ae6','0','','','',6,'/upload/images/6/1589616303.jpg','super_manager',0,0,'offline');
/*!40000 ALTER TABLE `wolive_service` ENABLE KEYS */;
UNLOCK TABLES;

--
-- Table structure for table `wolive_tablist`
--

DROP TABLE IF EXISTS `wolive_tablist`;
/*!40101 SET @saved_cs_client     = @@character_set_client */;
/*!40101 SET character_set_client = utf8 */;
CREATE TABLE `wolive_tablist` (
  `tid` int(11) NOT NULL AUTO_INCREMENT,
  `title` varchar(255) NOT NULL COMMENT 'tab的名称',
  `content_read` text,
  `content` text NOT NULL,
  `business_id` int(11) NOT NULL DEFAULT '0',
  PRIMARY KEY (`tid`)
) ENGINE=InnoDB DEFAULT CHARSET=utf8;
/*!40101 SET character_set_client = @saved_cs_client */;

--
-- Dumping data for table `wolive_tablist`
--

LOCK TABLES `wolive_tablist` WRITE;
/*!40000 ALTER TABLE `wolive_tablist` DISABLE KEYS */;
/*!40000 ALTER TABLE `wolive_tablist` ENABLE KEYS */;
UNLOCK TABLES;

--
-- Table structure for table `wolive_vgroup`
--

DROP TABLE IF EXISTS `wolive_vgroup`;
/*!40101 SET @saved_cs_client     = @@character_set_client */;
/*!40101 SET character_set_client = utf8 */;
CREATE TABLE `wolive_vgroup` (
  `id` int(11) unsigned NOT NULL AUTO_INCREMENT,
  `business_id` int(11) NOT NULL DEFAULT '0',
  `service_id` int(11) NOT NULL DEFAULT '0',
  `group_name` varchar(128) NOT NULL DEFAULT '',
  `create_time` timestamp NOT NULL DEFAULT CURRENT_TIMESTAMP ON UPDATE CURRENT_TIMESTAMP,
  `status` tinyint(4) NOT NULL DEFAULT '1',
  PRIMARY KEY (`id`)
) ENGINE=InnoDB AUTO_INCREMENT=2 DEFAULT CHARSET=utf8;
/*!40101 SET character_set_client = @saved_cs_client */;

--
-- Dumping data for table `wolive_vgroup`
--

LOCK TABLES `wolive_vgroup` WRITE;
/*!40000 ALTER TABLE `wolive_vgroup` DISABLE KEYS */;
INSERT INTO `wolive_vgroup` VALUES (1,1,1,'意向','2020-05-11 07:21:15',1);
/*!40000 ALTER TABLE `wolive_vgroup` ENABLE KEYS */;
UNLOCK TABLES;

--
-- Table structure for table `wolive_visiter`
--

DROP TABLE IF EXISTS `wolive_visiter`;
/*!40101 SET @saved_cs_client     = @@character_set_client */;
/*!40101 SET character_set_client = utf8 */;
CREATE TABLE `wolive_visiter` (
  `vid` int(11) NOT NULL AUTO_INCREMENT,
  `visiter_id` varchar(200) NOT NULL COMMENT '访客id',
  `visiter_name` varchar(255) NOT NULL COMMENT '访客名称',
  `channel` varchar(255) NOT NULL COMMENT '用户游客频道',
  `avatar` varchar(1024) NOT NULL COMMENT '头像',
  `name` varchar(255) NOT NULL DEFAULT '' COMMENT '用户自己填写的姓名',
  `tel` varchar(32) NOT NULL DEFAULT '' COMMENT '用户自己填写的电话',
  `login_times` int(11) NOT NULL DEFAULT '1' COMMENT '登录次数',
  `connect` text COMMENT '联系方式',
  `comment` text COMMENT '备注',
  `ip` varchar(255) NOT NULL COMMENT '访客ip',
  `from_url` varchar(255) NOT NULL COMMENT '访客浏览地址',
  `timestamp` timestamp NOT NULL DEFAULT CURRENT_TIMESTAMP ON UPDATE CURRENT_TIMESTAMP COMMENT '访问时间',
  `business_id` int(11) NOT NULL DEFAULT '0',
  `state` enum('online','offline') NOT NULL DEFAULT 'offline' COMMENT 'offline：离线，online：在线',
  PRIMARY KEY (`vid`),
  UNIQUE KEY `id` (`visiter_id`,`business_id`) USING BTREE,
  KEY `visiter` (`visiter_id`) USING BTREE,
  KEY `time` (`timestamp`) USING BTREE
) ENGINE=InnoDB AUTO_INCREMENT=245 DEFAULT CHARSET=utf8;
/*!40101 SET character_set_client = @saved_cs_client */;

--
-- Dumping data for table `wolive_visiter`
--

LOCK TABLES `wolive_visiter` WRITE;
/*!40000 ALTER TABLE `wolive_visiter` DISABLE KEYS */;
INSERT INTO `wolive_visiter` VALUES (1,'5e117807','游客5e117807','35653131373830372f31','/assets/images/index/avatar-red2.png','','',1,NULL,NULL,'222.87.160.94','','2020-01-05 05:45:44',1,'offline'),(2,'5e11783b','游客5e11783b','35653131373833622f31','/assets/images/index/avatar-red2.png','','',7,NULL,NULL,'222.87.160.94','','2020-01-05 10:24:05',1,'offline'),(3,'5e11791c','游客5e11791c','35653131373931632f31','/assets/images/index/avatar-red2.png','','',5,NULL,NULL,'220.197.208.79','','2020-01-05 10:25:47',1,'offline'),(4,'5e11836d','游客5e11836d','35653131383336642f31','/assets/images/index/avatar-red2.png','','',3,NULL,NULL,'222.87.160.94','','2020-01-05 08:07:31',1,'offline'),(5,'5e11b921','游客5e11b921','35653131623932312f31','/assets/images/index/avatar-red2.png','','',2,NULL,NULL,'222.87.160.94','','2020-01-06 06:31:32',1,'offline'),(6,'5e12fe7a','游客5e12fe7a','35653132666537612f31','/assets/images/index/avatar-red2.png','','',1,NULL,NULL,'118.212.201.190','','2020-01-06 09:32:19',1,'offline'),(7,'5e12fe80','游客5e12fe80','35653132666538302f31','/assets/images/index/avatar-red2.png','','',1,NULL,NULL,'222.87.160.94','','2020-01-06 15:09:41',1,'offline'),(8,'5e12fe94','游客5e12fe94','35653132666539342f31','/assets/images/index/avatar-red2.png','','',1,NULL,NULL,'222.87.160.94','','2020-01-06 10:07:03',1,'offline'),(9,'5e12fe98','游客5e12fe98','35653132666539382f31','/assets/images/index/avatar-red2.png','','',1,NULL,NULL,'118.212.201.190','','2020-01-06 09:35:33',1,'offline'),(10,'5e12ff21','游客5e12ff21','35653132666632312f31','/assets/images/index/avatar-red2.png','','',1,NULL,NULL,'58.251.103.172','','2020-01-06 09:34:30',1,'offline'),(11,'5e12ff49','游客5e12ff49','35653132666634392f31','/assets/images/index/avatar-red2.png','','',4,NULL,NULL,'106.224.148.48','','2020-01-06 10:52:44',1,'offline'),(12,'5e1af35d','游客5e1af35d','35653161663335642f32','/assets/images/index/avatar-red2.png','','',3,NULL,NULL,'222.87.167.181','','2020-01-12 10:25:02',2,'offline'),(13,'5e1afe39','游客5e1afe39','35653161666533392f32','/assets/images/index/avatar-red2.png','','',2,NULL,NULL,'222.87.167.181','','2020-01-12 15:14:40',2,'offline'),(14,'5e1b33ae','游客5e1b33ae','35653162333361652f32','/assets/images/index/avatar-red2.png','','',1,NULL,NULL,'118.212.200.1','http://bao.91168.xyz/','2020-01-12 15:06:37',2,'offline'),(15,'5e1af35d','游客5e1af35d','35653161663335642f33','/assets/images/index/avatar-red2.png','','',1,NULL,NULL,'222.87.163.102','','2020-01-12 15:30:08',3,'offline'),(16,'5e1b3c18','游客5e1b3c18','35653162336331382f32','/assets/images/index/avatar-red2.png','','',1,NULL,NULL,'222.87.163.102','http://bao.91168.xyz/','2020-01-12 15:33:26',2,'offline'),(17,'5e1b4081','游客5e1b4081','35653162343038312f33','/assets/images/index/avatar-red2.png','','',1,NULL,NULL,'222.87.163.102','http://www.35s64v.cn/','2020-01-12 15:51:39',3,'offline'),(18,'5e1b41a7','游客5e1b41a7','35653162343161372f33','/assets/images/index/avatar-red2.png','','',1,NULL,NULL,'222.87.163.102','http://www.35s64v.cn/','2020-01-12 15:57:36',3,'offline'),(19,'5e1c9b46','游客5e1c9b46','35653163396234362f34','/assets/images/index/avatar-red2.png','','',1,NULL,NULL,'222.87.163.102','http://www.ql785.cn/','2020-01-13 16:35:08',4,'offline'),(20,'5e1ca5b0','游客5e1ca5b0','35653163613562302f34','/assets/images/index/avatar-red2.png','','',1,NULL,NULL,'182.239.115.112','http://www.ql785.cn/','2020-01-13 17:15:46',4,'offline'),(21,'5e1ca5ca','游客5e1ca5ca','35653163613563612f34','/assets/images/index/avatar-red2.png','','',1,NULL,NULL,'182.239.115.112','','2020-01-13 17:16:01',4,'offline'),(22,'5e1d379c','游客5e1d379c','35653164333739632f34','/assets/images/index/avatar-red2.png','','',1,NULL,NULL,'117.136.31.233','http://www.ql785.cn/','2020-01-14 03:43:45',4,'offline'),(23,'5e1d7324','游客5e1d7324','35653164373332342f34','/assets/images/index/avatar-red2.png','','',1,NULL,NULL,'112.97.218.9','http://www.b1zwze.cn/','2020-01-14 07:52:30',4,'offline'),(24,'5e1d736d','游客5e1d736d','35653164373336642f34','/assets/images/index/avatar-red2.png','','',1,NULL,NULL,'112.97.218.9','http://www.b1zwze.cn/','2020-01-14 07:54:25',4,'offline'),(25,'5e1d7502','游客5e1d7502','35653164373530322f34','/assets/images/index/avatar-red2.png','','',1,NULL,NULL,'112.97.218.9','http://www.b1zwze.cn/','2020-01-14 09:04:40',4,'offline'),(26,'5e1d8642','游客5e1d8642','35653164383634322f33','/assets/images/index/avatar-red2.png','','',1,NULL,NULL,'110.187.115.119','http://www.35s64v.cn/','2020-01-14 09:14:50',3,'offline'),(27,'5e1d9f74','游客5e1d9f74','35653164396637342f32','/assets/images/index/avatar-red2.png','','',1,NULL,NULL,'14.116.36.54','http://www.yn27rd.top/','2020-01-14 11:21:14',2,'offline'),(28,'5e1dafc4','游客5e1dafc4','35653164616663342f32','/assets/images/index/avatar-red2.png','','',1,NULL,NULL,'14.116.36.54','http://www.yn27rd.top/','2020-01-14 14:23:44',2,'offline'),(29,'5e1eb55d','游客5e1eb55d','35653165623535642f34','/assets/images/index/avatar-red2.png','','',1,NULL,NULL,'112.97.57.95','http://www.b1zwze.cn/','2020-01-15 06:49:19',4,'offline'),(30,'5e1ec8aa','游客5e1ec8aa','35653165633861612f32','/assets/images/index/avatar-red2.png','','',1,NULL,NULL,'113.73.19.208','http://www.yn27rd.top/','2020-01-16 10:38:57',2,'offline'),(31,'5e200e52','游客5e200e52','35653230306535322f32','/assets/images/index/avatar-red2.png','','',1,NULL,NULL,'14.116.39.109','http://www.yn27rd.top/','2020-01-16 08:28:51',2,'offline'),(32,'5e20115e','游客5e20115e','35653230313135652f32','/assets/images/index/avatar-red2.png','','',1,NULL,NULL,'117.136.31.214','http://www.yn27rd.top/','2020-01-16 07:36:15',2,'offline'),(33,'5e202b7e','游客5e202b7e','35653230326237652f32','/assets/images/index/avatar-red2.png','','',1,NULL,NULL,'14.116.39.109','http://www.yn27rd.top/','2020-01-16 10:38:09',2,'offline'),(34,'5e202d6a','游客5e202d6a','35653230326436612f32','/assets/images/index/avatar-red2.png','','',1,NULL,NULL,'117.136.79.93','http://www.yn27rd.top/','2020-01-16 11:01:52',2,'offline'),(35,'5e21c213','游客5e21c213','35653231633231332f32','/assets/images/index/avatar-red2.png','','',1,NULL,NULL,'14.116.39.23','http://www.yn27rd.top/','2020-01-17 14:20:27',2,'offline'),(36,'5e21c822','游客5e21c822','35653231633832322f32','/assets/images/index/avatar-red2.png','','',1,NULL,NULL,'39.149.186.212','http://www.yn27rd.top/','2020-01-17 14:44:13',2,'offline'),(37,'5e21cf69','游客5e21cf69','35653231636636392f32','/assets/images/index/avatar-red2.png','','',1,NULL,NULL,'14.116.39.23','http://www.yn27rd.top/','2020-01-17 15:24:27',2,'offline'),(38,'5e21cfcf','游客5e21cfcf','35653231636663662f32','/assets/images/index/avatar-red2.png','','',1,NULL,NULL,'14.116.39.23','http://www.yn27rd.top/','2020-01-17 16:07:50',2,'offline'),(39,'5e228477','游客5e228477','35653232383437372f32','/assets/images/index/avatar-red2.png','','',1,NULL,NULL,'101.88.108.213','http://www.yn27rd.top/','2020-01-18 04:17:30',2,'offline'),(40,'5e228744','游客5e228744','35653232383734342f32','/assets/images/index/avatar-red2.png','','',1,NULL,NULL,'27.38.17.84','http://www.yn27rd.top/','2020-01-18 06:24:30',2,'offline'),(41,'5e229393','游客5e229393','35653232393339332f32','/assets/images/index/avatar-red2.png','','',1,NULL,NULL,'106.34.228.8','http://www.yn27rd.top/','2020-01-18 05:35:33',2,'offline'),(42,'5e2296d3','游客5e2296d3','35653232393664332f32','/assets/images/index/avatar-red2.png','','',2,NULL,NULL,'222.89.175.215','http://www.yn27rd.top/','2020-01-18 08:11:59',2,'offline'),(43,'5e22b3e6','游客5e22b3e6','35653232623365362f32','/assets/images/index/avatar-red2.png','','',1,NULL,NULL,'106.33.99.114','http://www.yn27rd.top/','2020-01-18 07:32:18',2,'offline'),(44,'5e22b77b','游客5e22b77b','35653232623737622f32','/assets/images/index/avatar-red2.png','','',1,NULL,NULL,'106.33.99.114','http://www.yn27rd.top/','2020-01-18 07:45:34',2,'offline'),(45,'5e22d21e','游客5e22d21e','35653232643231652f32','/assets/images/index/avatar-red2.png','','',1,NULL,NULL,'223.104.63.129','http://www.yn27rd.top/','2020-01-18 09:40:46',2,'offline'),(46,'5e22d280','游客5e22d280','35653232643238302f32','/assets/images/index/avatar-red2.png','','',1,NULL,NULL,'59.33.44.169','http://www.yn27rd.top/','2020-01-18 09:56:29',2,'offline'),(47,'5e22d692','游客5e22d692','35653232643639322f32','/assets/images/index/avatar-red2.png','','',1,NULL,NULL,'59.33.44.169','http://www.yn27rd.top/','2020-01-18 09:59:26',2,'offline'),(48,'5e22d7fe','游客5e22d7fe','35653232643766652f32','/assets/images/index/avatar-red2.png','','',1,NULL,NULL,'223.104.63.129','http://www.yn27rd.top/','2020-01-18 10:04:38',2,'offline'),(49,'5e22d920','游客5e22d920','35653232643932302f32','/assets/images/index/avatar-red2.png','','',1,NULL,NULL,'223.104.63.129','http://www.yn27rd.top/','2020-01-18 10:13:32',2,'offline'),(50,'5e22dacb','游客5e22dacb','35653232646163622f32','/assets/images/index/avatar-red2.png','','',1,NULL,NULL,'223.104.63.129','http://www.yn27rd.top/','2020-01-18 10:16:38',2,'offline'),(51,'5e22ec81','游客5e22ec81','35653232656338312f32','/assets/images/index/avatar-red2.png','','',1,NULL,NULL,'117.136.41.30','http://www.yn27rd.top/','2020-01-18 11:31:36',2,'offline'),(52,'5e22eceb','游客5e22eceb','35653232656365622f32','/assets/images/index/avatar-red2.png','','',1,NULL,NULL,'171.10.4.20','http://www.yn27rd.top/','2020-01-18 11:34:48',2,'offline'),(53,'5e22f20d','游客5e22f20d','35653232663230642f32','/assets/images/index/avatar-red2.png','','',1,NULL,NULL,'117.136.41.30','http://www.yn27rd.top/','2020-01-18 13:19:08',2,'offline'),(54,'5e2309ae','游客5e2309ae','35653233303961652f32','/assets/images/index/avatar-red2.png','','',1,NULL,NULL,'223.112.135.44','http://www.yn27rd.top/','2020-01-18 14:22:59',2,'offline'),(55,'5e231932','游客5e231932','35653233313933322f32','/assets/images/index/avatar-red2.png','','',1,NULL,NULL,'116.28.1.184','http://www.yn27rd.top/','2020-01-18 15:31:12',2,'offline'),(56,'5e231b80','游客5e231b80','35653233316238302f32','/assets/images/index/avatar-red2.png','','',1,NULL,NULL,'223.73.150.185','http://www.yn27rd.top/','2020-01-18 14:52:04',2,'offline'),(57,'5e241bf6','游客5e241bf6','35653234316266362f32','/assets/images/index/avatar-red2.png','','',1,NULL,NULL,'116.28.1.62','http://www.yn27rd.top/','2020-01-19 09:05:58',2,'offline'),(58,'5e2428fe','游客5e2428fe','35653234323866652f32','/assets/images/index/avatar-red2.png','','',2,NULL,NULL,'14.28.129.19','http://www.yn27rd.top/','2020-01-19 12:40:13',2,'offline'),(59,'5e242cf6','游客5e242cf6','35653234326366362f32','/assets/images/index/avatar-red2.png','','',1,NULL,NULL,'113.115.60.142','http://www.yn27rd.top/','2020-01-19 14:35:06',2,'offline'),(60,'5e243e4d','游客5e243e4d','35653234336534642f32','/assets/images/index/avatar-red2.png','','',1,NULL,NULL,'112.96.42.138','http://www.yn27rd.top/','2020-01-19 11:32:57',2,'offline'),(61,'5e24527c','游客5e24527c','35653234353237632f32','/assets/images/index/avatar-red2.png','','',1,NULL,NULL,'223.104.63.167','http://www.yn27rd.top/','2020-01-19 12:58:40',2,'online'),(62,'5e253f23','游客5e253f23','35653235336632332f33','/assets/images/index/avatar-red2.png','','',1,NULL,NULL,'125.71.53.191','http://www.35s64v.cn/','2020-01-20 05:50:40',3,'offline'),(63,'5e2543cd','游客5e2543cd','35653235343363642f33','/assets/images/index/avatar-red2.png','','',1,NULL,NULL,'125.71.53.191','http://www.35s64v.cn/','2020-01-20 15:19:42',3,'offline'),(64,'5e268310','游客5e268310','35653236383331302f33','/assets/images/index/avatar-red2.png','','',1,NULL,NULL,'117.136.63.199','http://www.35s64v.cn/','2020-01-21 04:56:08',3,'offline'),(65,'5e26cfed','游客5e26cfed','35653236636665642f32','/assets/images/index/avatar-red2.png','','',1,NULL,NULL,'39.149.186.212','http://www.yn27rd.top/','2020-01-21 10:18:51',2,'offline'),(66,'5e280fcc','游客5e280fcc','35653238306663632f32','/assets/images/index/avatar-red2.png','','',1,NULL,NULL,'171.8.217.200','http://www.yn27rd.top/','2020-01-22 09:08:51',2,'offline'),(67,'5e2811c3','游客5e2811c3','35653238313163332f32','/assets/images/index/avatar-red2.png','','',2,NULL,NULL,'171.8.217.200','http://www.yn27rd.top/','2020-01-22 10:11:09',2,'offline'),(68,'5e2974a3','游客5e2974a3','35653239373461332f32','/assets/images/index/avatar-red2.png','','',1,NULL,NULL,'14.25.44.67','http://www.yn27rd.top/','2020-01-23 11:36:37',2,'offline'),(69,'5e2976e3','游客5e2976e3','35653239373665332f32','/assets/images/index/avatar-red2.png','','',1,NULL,NULL,'119.142.175.37','http://www.yn27rd.top/','2020-01-23 10:38:34',2,'offline'),(70,'5e2a4509','游客5e2a4509','35653261343530392f32','/assets/images/index/avatar-red2.png','','',1,NULL,NULL,'113.73.28.233','http://www.yn27rd.top/','2020-01-24 08:53:27',2,'offline'),(71,'5e2bdfff','游客5e2bdfff','35653262646666662f32','/assets/images/index/avatar-red2.png','','',1,NULL,NULL,'183.3.161.145','http://www.yn27rd.top/','2020-01-25 06:28:44',2,'offline'),(72,'5e410a54','游客5e410a54','35653431306135342f33','/assets/images/index/avatar-red2.png','','',1,NULL,NULL,'117.136.63.109','http://www.35s64v.cn/','2020-02-10 07:46:29',3,'offline'),(73,'5e57b542','游客5e57b542','35653537623534322f35','/assets/images/index/avatar-red2.png','','',1,NULL,NULL,'1.207.128.159','http://cx.anayro.com/','2020-02-27 13:23:44',5,'offline'),(74,'5e57cc86','游客5e57cc86','35653537636338362f35','/assets/images/index/avatar-red2.png','','',1,NULL,NULL,'183.131.116.7','http://cx.anayro.com/','2020-02-27 14:43:09',5,'offline'),(75,'5e57d0c9','游客5e57d0c9','35653537643063392f35','/assets/images/index/avatar-red2.png','','',1,NULL,NULL,'140.243.9.141','http://cx.anayro.com/','2020-02-28 00:11:22',5,'offline'),(76,'5e57d4bf','游客5e57d4bf','35653537643462662f35','/assets/images/index/avatar-red2.png','','',2,NULL,NULL,'140.243.237.217','http://cx.anayro.com/','2020-02-29 05:15:16',5,'offline'),(77,'5e57df4e','游客5e57df4e','35653537646634652f35','/assets/images/index/avatar-red2.png','','',1,NULL,NULL,'223.104.35.99','http://cx.anayro.com/','2020-02-27 15:37:54',5,'offline'),(78,'5e57e08f','游客5e57e08f','35653537653038662f35','/assets/images/index/avatar-red2.png','','',1,NULL,NULL,'183.131.116.7','http://cx.anayro.com/','2020-02-27 15:48:13',5,'offline'),(79,'5e57fa63','游客5e57fa63','35653537666136332f35','/assets/images/index/avatar-red2.png','','',5,NULL,NULL,'61.129.7.254','http://cx.anayro.com/','2020-02-28 18:09:46',5,'offline'),(80,'5e57fe92','游客5e57fe92','35653537666539322f35','/assets/images/index/avatar-red2.png','','',1,NULL,NULL,'183.131.116.7','http://cx.anayro.com/','2020-02-27 17:41:54',5,'offline'),(81,'5e58088c','游客5e58088c','35653538303838632f35','/assets/images/index/avatar-red2.png','','',1,NULL,NULL,'183.131.116.5','http://cx.anayro.com/','2020-02-27 18:52:54',5,'offline'),(82,'5e58c4e5','游客5e58c4e5','35653538633465352f35','/assets/images/index/avatar-red2.png','','',1,NULL,NULL,'183.131.116.4','http://cx.anayro.com/','2020-02-28 07:51:56',5,'offline'),(83,'5e58da29','游客5e58da29','35653538646132392f35','/assets/images/index/avatar-red2.png','','',1,NULL,NULL,'183.131.116.7','http://cx.anayro.com/','2020-02-28 11:09:20',5,'offline'),(84,'5e58da3b','游客5e58da3b','35653538646133622f35','/assets/images/index/avatar-red2.png','','',1,NULL,NULL,'183.131.116.2','http://cx.anayro.com/','2020-02-28 09:46:55',5,'offline'),(85,'5e590077','游客5e590077','35653539303037372f35','/assets/images/index/avatar-red2.png','','',1,NULL,NULL,'140.243.60.12','http://cx.anayro.com/','2020-02-28 12:21:42',5,'offline'),(86,'5e5916b9','游客5e5916b9','35653539313662392f35','/assets/images/index/avatar-red2.png','','',1,NULL,NULL,'140.243.60.12','http://cx.anayro.com/','2020-02-28 13:35:16',5,'offline'),(87,'5e591881','游客5e591881','35653539313838312f35','/assets/images/index/avatar-red2.png','','',1,NULL,NULL,'112.122.75.208','http://cx.anayro.com/','2020-02-28 13:47:55',5,'offline'),(88,'5e59197a','游客5e59197a','35653539313937612f35','/assets/images/index/avatar-red2.png','','',1,NULL,NULL,'183.131.116.7','http://cx.anayro.com/','2020-02-28 13:47:25',5,'offline'),(89,'5e591d80','游客5e591d80','35653539316438302f35','/assets/images/index/avatar-red2.png','','',1,NULL,NULL,'120.38.199.186','http://cx.anayro.com/','2020-02-28 14:03:47',5,'offline'),(90,'5e591e54','游客5e591e54','35653539316535342f35','/assets/images/index/avatar-red2.png','','',1,NULL,NULL,'223.246.53.198','http://cx.anayro.com/','2020-02-28 14:26:27',5,'offline'),(91,'5e59230f','游客5e59230f','35653539323330662f35','/assets/images/index/avatar-red2.png','','',1,NULL,NULL,'140.243.60.12','http://cx.anayro.com/','2020-02-28 15:15:57',5,'offline'),(92,'5e5929b7','游客5e5929b7','35653539323962372f35','/assets/images/index/avatar-red2.png','','',1,NULL,NULL,'183.227.15.183','http://cx.anayro.com/','2020-02-28 14:57:14',5,'offline'),(93,'5e5936ac','游客5e5936ac','35653539333661632f35','/assets/images/index/avatar-red2.png','','',1,NULL,NULL,'183.131.116.2','http://cx.anayro.com/','2020-02-28 16:01:34',5,'offline'),(94,'5e59394c','游客5e59394c','35653539333934632f35','/assets/images/index/avatar-red2.png','','',1,NULL,NULL,'183.227.15.183','http://cx.anayro.com/','2020-02-28 16:01:34',5,'offline'),(95,'5e593f9d','游客5e593f9d','35653539336639642f35','/assets/images/index/avatar-red2.png','','',1,NULL,NULL,'117.136.100.83','http://cx.anayro.com/','2020-02-28 16:28:51',5,'offline'),(96,'5e5940ea','游客5e5940ea','35653539343065612f35','/assets/images/index/avatar-red2.png','','',1,NULL,NULL,'183.131.116.7','http://cx.anayro.com/','2020-02-28 16:54:58',5,'offline'),(97,'5e594a2a','游客5e594a2a','35653539346132612f35','/assets/images/index/avatar-red2.png','','',2,NULL,NULL,'113.226.119.176','http://cx.anayro.com/','2020-02-28 17:17:05',5,'offline'),(98,'5e594b82','游客5e594b82','35653539346238322f35','/assets/images/index/avatar-red2.png','','',2,NULL,NULL,'113.226.119.176','http://cx.anayro.com/','2020-02-28 17:30:03',5,'offline'),(99,'5e59560b','游客5e59560b','35653539353630622f35','/assets/images/index/avatar-red2.png','','',1,NULL,NULL,'183.131.116.7','http://cx.anayro.com/','2020-02-28 18:05:28',5,'offline'),(100,'5e595826','游客5e595826','35653539353832362f35','/assets/images/index/avatar-red2.png','','',1,NULL,NULL,'183.131.116.7','http://cx.anayro.com/','2020-02-28 18:13:10',5,'offline'),(101,'5e59797c','游客5e59797c','35653539373937632f35','/assets/images/index/avatar-red2.png','','',1,NULL,NULL,'112.122.78.143','http://cx.anayro.com/','2020-02-28 20:36:09',5,'offline'),(102,'5e5a13b2','游客5e5a13b2','35653561313362322f35','/assets/images/index/avatar-red2.png','','',1,NULL,NULL,'183.131.116.7','http://cx.anayro.com/','2020-02-29 08:01:12',5,'offline'),(103,'5e5a28af','游客5e5a28af','35653561323861662f35','/assets/images/index/avatar-red2.png','','',1,NULL,NULL,'183.131.116.7','http://cx.anayro.com/','2020-02-29 09:10:01',5,'offline'),(104,'5e5a2d7c','游客5e5a2d7c','35653561326437632f35','/assets/images/index/avatar-red2.png','','',1,NULL,NULL,'183.131.116.7','http://cx.anayro.com/','2020-02-29 09:29:29',5,'offline'),(105,'5e5a4279','游客5e5a4279','35653561343237392f35','/assets/images/index/avatar-red2.png','','',3,NULL,NULL,'117.136.117.205','http://cx.anayro.com/','2020-02-29 11:22:31',5,'offline'),(106,'5e5a5ce4','游客5e5a5ce4','35653561356365342f35','/assets/images/index/avatar-red2.png','','',1,NULL,NULL,'36.61.75.159','http://cx.anayro.com/','2020-02-29 12:45:44',5,'offline'),(107,'5e5a9884','游客5e5a9884','35653561393838342f35','/assets/images/index/avatar-red2.png','','',2,NULL,NULL,'120.242.244.137','http://cx.anayro.com/','2020-03-02 10:43:55',5,'offline'),(108,'5e5b0aa8','游客5e5b0aa8','35653562306161382f35','/assets/images/index/avatar-red2.png','','',1,NULL,NULL,'110.88.204.235','http://cx.anayro.com/','2020-03-01 01:07:15',5,'offline'),(109,'5e5b7209','游客5e5b7209','35653562373230392f35','/assets/images/index/avatar-red2.png','','',1,NULL,NULL,'183.131.116.7','http://cx.anayro.com/','2020-03-01 08:29:04',5,'offline'),(110,'5e5b88a0','游客5e5b88a0','35653562383861302f35','/assets/images/index/avatar-red2.png','','',1,NULL,NULL,'110.88.204.235','http://cx.anayro.com/','2020-03-01 10:09:09',5,'offline'),(111,'5e5bace6','游客5e5bace6','35653562616365362f35','/assets/images/index/avatar-red2.png','','',1,NULL,NULL,'14.24.25.240','http://cx.anayro.com/','2020-03-01 12:39:55',5,'offline'),(112,'5e5bc19c','游客5e5bc19c','35653562633139632f35','/assets/images/index/avatar-red2.png','','',1,NULL,NULL,'222.244.240.102','http://cx.anayro.com/','2020-03-01 14:07:26',5,'offline'),(113,'5e5be261','游客5e5be261','35653562653236312f35','/assets/images/index/avatar-red2.png','','',2,NULL,NULL,'171.107.207.71','http://cx.anayro.com/','2020-03-01 16:34:37',5,'offline'),(114,'5e5be654','游客5e5be654','35653562653635342f35','/assets/images/index/avatar-red2.png','','',4,NULL,NULL,'171.107.207.71','http://cx.anayro.com/','2020-03-01 17:09:36',5,'offline'),(115,'5e5bef7f','游客5e5bef7f','35653562656637662f35','/assets/images/index/avatar-red2.png','','',3,NULL,NULL,'36.98.222.243','http://cx.anayro.com/','2020-03-01 17:37:25',5,'offline'),(116,'5e5bef98','游客5e5bef98','35653562656639382f35','/assets/images/index/avatar-red2.png','','',1,NULL,NULL,'223.246.53.198','http://cx.anayro.com/','2020-03-01 17:27:36',5,'offline'),(117,'5e5bfd66','游客5e5bfd66','35653562666436362f35','/assets/images/index/avatar-red2.png','','',1,NULL,NULL,'223.246.53.198','http://cx.anayro.com/','2020-03-01 18:42:07',5,'offline'),(118,'5e5c0036','游客5e5c0036','35653563303033362f35','/assets/images/index/avatar-red2.png','','',2,NULL,NULL,'117.136.80.99','http://cx.anayro.com/','2020-03-02 20:42:40',5,'offline'),(119,'5e5c008c','游客5e5c008c','35653563303038632f35','/assets/images/index/avatar-red2.png','','',1,NULL,NULL,'36.98.222.243','http://cx.anayro.com/','2020-03-01 18:36:28',5,'offline'),(120,'5e5c8cc3','游客5e5c8cc3','35653563386363332f35','/assets/images/index/avatar-red2.png','','',1,NULL,NULL,'106.122.120.189','http://cx.anayro.com/','2020-03-02 04:56:08',5,'offline'),(121,'5e5cbfde','游客5e5cbfde','35653563626664652f35','/assets/images/index/avatar-red2.png','','',1,NULL,NULL,'223.104.35.109','http://cx.anayro.com/','2020-03-02 08:12:26',5,'offline'),(122,'5e5cc6f8','游客5e5cc6f8','35653563633666382f35','/assets/images/index/avatar-red2.png','','',1,NULL,NULL,'123.13.19.108','http://cx.anayro.com/','2020-03-02 08:44:22',5,'offline'),(123,'5e5cf9c1','游客5e5cf9c1','35653563663963312f35','/assets/images/index/avatar-red2.png','','',1,NULL,NULL,'171.105.113.199','http://cx.anayro.com/','2020-03-02 12:22:09',5,'offline'),(124,'5e5cfba2','游客5e5cfba2','35653563666261322f35','/assets/images/index/avatar-red2.png','','',1,NULL,NULL,'183.131.116.4','http://cx.anayro.com/','2020-03-02 12:28:40',5,'offline'),(125,'5e5d0b24','游客5e5d0b24','35653564306232342f35','/assets/images/index/avatar-red2.png','','',1,NULL,NULL,'223.246.53.198','http://cx.anayro.com/','2020-03-02 13:35:37',5,'offline'),(126,'5e5d6dcf','游客5e5d6dcf','35653564366463662f35','/assets/images/index/avatar-red2.png','','',1,NULL,NULL,'183.227.15.217','http://cx.anayro.com/','2020-03-02 20:34:48',5,'offline'),(127,'5e5d6eae','游客5e5d6eae','35653564366561652f35','/assets/images/index/avatar-red2.png','','',1,NULL,NULL,'223.104.250.55','http://cx.anayro.com/','2020-03-02 20:40:13',5,'offline'),(128,'5e5f1f4d','游客5e5f1f4d','35653566316634642f35','/assets/images/index/avatar-red2.png','','',1,NULL,NULL,'117.136.101.251','http://cx.anayro.com/','2020-03-04 03:25:38',5,'offline'),(129,'5e5f5380','游客5e5f5380','35653566353338302f35','/assets/images/index/avatar-red2.png','','',1,NULL,NULL,'120.216.139.38','http://cx.anayro.com/','2020-03-04 07:07:40',5,'offline'),(130,'5e5f690f','游客5e5f690f','35653566363930662f35','/assets/images/index/avatar-red2.png','','',1,NULL,NULL,'171.10.45.250','http://cx.anayro.com/','2020-03-04 08:41:45',5,'offline'),(131,'5e5f6932','游客5e5f6932','35653566363933322f35','/assets/images/index/avatar-red2.png','','',1,NULL,NULL,'111.49.59.144','http://cx.anayro.com/','2020-03-04 08:40:36',5,'offline'),(132,'5e5f6d49','游客5e5f6d49','35653566366434392f35','/assets/images/index/avatar-red2.png','','',1,NULL,NULL,'223.73.167.148','http://cx.anayro.com/','2020-03-04 09:00:22',5,'offline'),(133,'5e5f7cdc','游客5e5f7cdc','35653566376364632f35','/assets/images/index/avatar-red2.png','','',3,NULL,NULL,'183.202.226.78','http://cx.anayro.com/','2020-03-04 10:10:50',5,'offline'),(134,'5e5fae6c','游客5e5fae6c','35653566616536632f35','/assets/images/index/avatar-red2.png','','',1,NULL,NULL,'111.29.92.241','http://cx.anayro.com/','2020-03-04 13:42:31',5,'offline'),(135,'5e5fbba1','游客5e5fbba1','35653566626261312f35','/assets/images/index/avatar-red2.png','','',1,NULL,NULL,'106.122.103.121','http://cx.anayro.com/','2020-03-04 14:34:15',5,'offline'),(136,'5e5fc320','游客5e5fc320','35653566633332302f35','/assets/images/index/avatar-red2.png','','',1,NULL,NULL,'117.24.236.33','http://cx.anayro.com/','2020-03-04 15:02:58',5,'online'),(137,'5e6082d4','游客5e6082d4','35653630383264342f35','/assets/images/index/avatar-red2.png','','',1,NULL,NULL,'120.239.18.246','http://cx.anayro.com/','2020-03-05 04:47:55',5,'offline'),(138,'5e608494','游客5e608494','35653630383439342f35','/assets/images/index/avatar-red2.png','','',1,NULL,NULL,'120.239.18.246','http://cx.anayro.com/','2020-03-05 04:52:19',5,'offline'),(139,'5e60f5c8','游客5e60f5c8','35653630663563382f35','/assets/images/index/avatar-red2.png','','',1,NULL,NULL,'117.150.202.13','http://cx.anayro.com/','2020-03-05 12:53:59',5,'offline'),(140,'5e61199e','游客5e61199e','35653631313939652f35','/assets/images/index/avatar-red2.png','','',1,NULL,NULL,'117.183.85.1','http://cx.anayro.com/','2020-03-05 15:25:02',5,'offline'),(141,'5e61dd7c','游客5e61dd7c','35653631646437632f35','/assets/images/index/avatar-red2.png','','',1,NULL,NULL,'183.195.73.51','http://cx.anayro.com/','2020-03-06 05:20:11',5,'offline'),(142,'5e622217','游客5e622217','35653632323231372f35','/assets/images/index/avatar-red2.png','','',9,NULL,NULL,'14.0.47.46','http://cx.anayro.com/','2020-03-07 04:59:21',5,'offline'),(143,'5e6243e2','游客5e6243e2','35653632343365322f35','/assets/images/index/avatar-red2.png','','',1,NULL,NULL,'117.136.89.117','http://cx.anayro.com/','2020-03-06 12:50:18',5,'offline'),(144,'5e624472','游客5e624472','35653632343437322f35','/assets/images/index/avatar-red2.png','','',2,NULL,NULL,'113.57.182.103','http://cx.anayro.com/','2020-03-06 12:43:18',5,'offline'),(145,'5e624605','游客5e624605','35653632343630352f35','/assets/images/index/avatar-red2.png','','',2,NULL,NULL,'110.153.134.127','http://cx.anayro.com/','2020-03-06 12:54:27',5,'offline'),(146,'5e624b96','游客5e624b96','35653632346239362f35','/assets/images/index/avatar-red2.png','','',1,NULL,NULL,'183.227.14.167','http://cx.anayro.com/','2020-03-06 13:14:49',5,'offline'),(147,'5e6384e7','游客5e6384e7','35653633383465372f35','/assets/images/index/avatar-red2.png','','',2,NULL,NULL,'223.73.26.102','http://cx.anayro.com/','2020-03-07 12:37:31',5,'offline'),(148,'5e63b071','游客5e63b071','35653633623037312f35','/assets/images/index/avatar-red2.png','','',1,NULL,NULL,'183.251.118.150','http://cx.anayro.com/','2020-03-07 14:36:43',5,'offline'),(149,'5e64020d','游客5e64020d','35653634303230642f35','/assets/images/index/avatar-red2.png','','',9,NULL,NULL,'117.172.251.46','http://cx.anayro.com/','2020-03-08 00:38:13',5,'offline'),(150,'5e640b11','游客5e640b11','35653634306231312f35','/assets/images/index/avatar-red2.png','','',2,NULL,NULL,'117.174.76.242','http://cx.anayro.com/','2020-03-07 20:59:56',5,'offline'),(151,'5e647c07','游客5e647c07','35653634376330372f35','/assets/images/index/avatar-red2.png','','',1,NULL,NULL,'218.15.249.201','http://cx.anayro.com/','2020-03-08 05:01:23',5,'offline'),(152,'5e647c86','游客5e647c86','35653634376338362f35','/assets/images/index/avatar-red2.png','','',1,NULL,NULL,'218.15.249.201','http://cx.anayro.com/','2020-03-08 05:03:29',5,'offline'),(153,'5e64c858','游客5e64c858','35653634633835382f35','/assets/images/index/avatar-red2.png','','',1,NULL,NULL,'36.61.200.199','http://cx.anayro.com/','2020-03-08 10:29:03',5,'offline'),(154,'5e64f28b','游客5e64f28b','35653634663238622f35','/assets/images/index/avatar-red2.png','','',1,NULL,NULL,'36.61.200.199','http://cx.anayro.com/','2020-03-08 13:28:07',5,'offline'),(155,'5e660d1d','游客5e660d1d','35653636306431642f35','/assets/images/index/avatar-red2.png','','',1,NULL,NULL,'183.131.116.6','http://cx.anayro.com/','2020-03-09 10:55:41',5,'offline'),(156,'5e6620f4','游客5e6620f4','35653636323066342f35','/assets/images/index/avatar-red2.png','','',1,NULL,NULL,'183.131.116.6','http://cx.anayro.com/','2020-03-09 11:00:09',5,'offline'),(157,'5e6a78b2','游客5e6a78b2','35653661373862322f35','/assets/images/index/avatar-red2.png','','',1,NULL,NULL,'117.136.71.178','http://cx.anayro.com/','2020-03-12 18:08:30',5,'offline'),(158,'5ea6a025','游客5ea6a025','35656136613032352f31','/assets/images/index/avatar-red2.png','','',4,NULL,NULL,'222.87.165.168','','2020-04-27 09:06:34',1,'offline'),(159,'5ea6a10b','游客5ea6a10b','35656136613130622f31','/assets/images/index/avatar-red2.png','','',2,NULL,NULL,'222.87.165.168','','2020-04-27 16:39:29',1,'offline'),(160,'5ea6efa0','游客5ea6efa0','35656136656661302f31','/assets/images/index/avatar-red2.png','','',1,NULL,NULL,'59.53.248.109','','2020-04-27 14:43:44',1,'offline'),(161,'5ea974f9','游客5ea974f9','35656139373466392f31','/assets/images/index/avatar-red2.png','','',3,NULL,NULL,'223.242.2.85','','2020-04-29 12:58:40',1,'offline'),(162,'5eab3d9e','游客5eab3d9e','35656162336439652f31','/assets/images/index/avatar-red2.png','','',1,NULL,NULL,'113.117.88.190','','2020-04-30 21:05:34',1,'offline'),(163,'5eab3df8','游客5eab3df8','35656162336466382f31','/assets/images/index/avatar-red2.png','','',1,NULL,NULL,'113.117.88.190','','2020-04-30 21:07:05',1,'offline'),(164,'5eab3e4f','游客5eab3e4f','35656162336534662f31','/assets/images/index/avatar-red2.png','','',2,NULL,NULL,'113.117.88.190','','2020-04-30 21:09:44',1,'offline'),(165,'5eab40bd','游客5eab40bd','35656162343062642f31','/assets/images/index/avatar-red2.png','','',1,NULL,NULL,'113.117.88.190','','2020-04-30 21:18:54',1,'offline'),(166,'5eac025b','游客5eac025b','35656163303235622f31','/assets/images/index/avatar-red2.png','','',1,NULL,NULL,'39.186.66.80','','2020-05-01 11:05:12',1,'offline'),(167,'5eadab94','游客5eadab94','35656164616239342f31','/assets/images/index/avatar-red2.png','','',1,NULL,NULL,'221.192.178.167','','2020-05-02 17:19:18',1,'offline'),(168,'5eaf76af','游客5eaf76af','35656166373661662f31','/assets/images/index/avatar-red2.png','','',1,NULL,NULL,'124.236.58.112','','2020-05-04 01:58:10',1,'offline'),(169,'5eaff8c2','游客5eaff8c2','35656166663863322f31','/assets/images/index/avatar-red2.png','','',1,NULL,NULL,'125.68.100.250','','2020-05-04 11:13:07',1,'offline'),(170,'5eaff956','游客5eaff956','35656166663935362f31','/assets/images/index/avatar-red2.png','','',2,NULL,NULL,'125.68.100.250','','2020-05-04 11:15:36',1,'offline'),(171,'5eb046a4','游客5eb046a4','35656230343661342f31','/assets/images/index/avatar-red2.png','','',1,NULL,NULL,'124.236.58.112','','2020-05-04 16:45:26',1,'offline'),(172,'5eb0cedd','游客5eb0cedd','35656230636564642f31','/assets/images/index/avatar-red2.png','','',2,NULL,NULL,'123.147.248.214','','2020-05-05 02:27:15',1,'offline'),(173,'5eb13d5f','游客5eb13d5f','35656231336435662f31','/assets/images/index/avatar-red2.png','','',1,NULL,NULL,'183.18.34.113','','2020-05-05 10:18:08',1,'offline'),(174,'5eb13f30','游客5eb13f30','35656231336633302f31','/assets/images/index/avatar-red2.png','','',1,NULL,NULL,'183.18.34.113','','2020-05-05 10:25:53',1,'offline'),(175,'5eb14715','游客5eb14715','35656231343731352f31','/assets/images/index/avatar-red2.png','','',2,NULL,NULL,'58.250.137.194','','2020-05-06 02:36:53',1,'offline'),(176,'5eb16322','游客5eb16322','35656231363332322f31','/assets/images/index/avatar-red2.png','','',5,NULL,NULL,'122.4.30.119','','2020-05-05 13:04:48',1,'offline'),(177,'5eb294e9','游客5eb294e9','35656232393465392f31','/assets/images/index/avatar-red2.png','','',1,NULL,NULL,'219.133.46.143','http://kefu.liyunwangluo.com/index/index/home?visiter_id=&amp;amp;visiter_name=&amp;amp;avatar=&amp;amp;business_id=1&amp;amp;groupid=0&amp;amp;special=1','2020-05-06 10:43:55',1,'offline'),(178,'5eb3b2e7','游客5eb3b2e7','35656233623265372f36','/assets/images/index/avatar-red2.png','','',2,NULL,NULL,'222.87.163.80','','2020-05-07 07:08:39',6,'offline'),(179,'5eb3b421','游客5eb3b421','35656233623432312f36','/assets/images/index/avatar-red2.png','','',1,NULL,NULL,'222.87.163.80','','2020-05-07 07:09:22',6,'offline'),(180,'5eb3b683','游客5eb3b683','35656233623638332f36','/assets/images/index/avatar-red2.png','','',1,NULL,NULL,'222.87.163.80','','2020-05-07 07:27:49',6,'offline'),(181,'5eb3b873','游客5eb3b873','35656233623837332f36','/assets/images/index/avatar-red2.png','','',4,NULL,NULL,'222.87.163.80','','2020-05-07 07:36:19',6,'offline'),(182,'5eb3b8c4','游客5eb3b8c4','35656233623863342f36','/assets/images/index/avatar-red2.png','','',5,NULL,NULL,'223.104.22.139','','2020-05-07 07:59:05',6,'offline'),(183,'5eb3b93a','游客5eb3b93a','35656233623933612f36','/assets/images/index/avatar-red2.png','','',1,NULL,NULL,'113.96.218.51','','2020-05-07 07:31:25',6,'offline'),(184,'5eb3bae2','游客5eb3bae2','35656233626165322f36','/assets/images/index/avatar-red2.png','','',2,NULL,NULL,'116.252.31.228','','2020-05-07 07:44:08',6,'offline'),(185,'5eb3ca9a','游客5eb3ca9a','35656233636139612f36','/assets/images/index/avatar-red2.png','','',1,NULL,NULL,'223.104.22.198','','2020-05-07 08:45:28',6,'offline'),(186,'5eb3d329','游客5eb3d329','35656233643332392f31','/assets/images/index/avatar-red2.png','','',3,NULL,NULL,'222.87.163.80','','2020-05-07 10:07:05',1,'offline'),(187,'5eb3d413','游客5eb3d413','35656233643431332f31','/assets/images/index/avatar-red2.png','','',1,NULL,NULL,'222.87.163.80','','2020-05-07 11:07:23',1,'offline'),(188,'5eb3d5a5','游客5eb3d5a5','35656233643561352f31','/assets/images/index/avatar-red2.png','','',1,NULL,NULL,'36.57.15.56','','2020-05-07 09:32:21',1,'offline'),(189,'5eb50b38','游客5eb50b38','35656235306233382f36','/assets/images/index/avatar-red2.png','','',1,NULL,NULL,'116.252.31.228','','2020-05-08 07:33:17',6,'offline'),(190,'5eb5125a','游客5eb5125a','35656235313235612f36','/assets/images/index/avatar-red2.png','','',1,NULL,NULL,'111.127.37.4','','2020-05-08 08:04:45',6,'offline'),(191,'5eb5140c','游客5eb5140c','35656235313430632f36','/assets/images/index/avatar-red2.png','','',2,NULL,NULL,'113.119.178.186','','2020-05-08 08:13:55',6,'offline'),(192,'5eb52a26','游客5eb52a26','35656235326132362f36','/assets/images/index/avatar-red2.png','','',2,NULL,NULL,'120.229.33.194','','2020-05-08 09:46:20',6,'offline'),(193,'5eb52a4d','游客5eb52a4d','35656235326134642f36','/assets/images/index/avatar-red2.png','','',1,NULL,NULL,'223.10.146.49','','2020-05-08 09:46:29',6,'offline'),(194,'5eb52a5b','游客5eb52a5b','35656235326135622f36','/assets/images/index/avatar-red2.png','','',1,NULL,NULL,'120.229.33.194','','2020-05-08 09:46:05',6,'online'),(195,'5eb52e15','游客5eb52e15','35656235326531352f36','/assets/images/index/avatar-red2.png','','',1,NULL,NULL,'223.10.146.49','','2020-05-08 10:18:22',6,'offline'),(196,'5eb566c5','游客5eb566c5','35656235363663352f31','/assets/images/index/avatar-red2.png','','',3,NULL,NULL,'223.149.144.215','','2020-05-08 14:13:27',1,'offline'),(197,'5eb5898a','游客5eb5898a','35656235383938612f31','/assets/images/index/avatar-red2.png','','',1,NULL,NULL,'183.49.253.235','','2020-05-08 16:33:57',1,'offline'),(198,'5eb60b17','游客5eb60b17','35656236306231372f31','/assets/images/index/avatar-red2.png','','',1,NULL,NULL,'14.113.138.235','','2020-05-09 01:45:29',1,'offline'),(199,'5eb65380','游客5eb65380','35656236353338302f36','/assets/images/index/avatar-red2.png','','',2,NULL,NULL,'106.6.151.132','','2020-05-09 06:56:32',6,'offline'),(200,'5eb6f692','游客5eb6f692','35656236663639322f31','/assets/images/index/avatar-red2.png','','',2,NULL,NULL,'113.200.133.71','','2020-05-10 06:26:32',1,'offline'),(201,'5eb7c7d5','游客5eb7c7d5','35656237633764352f31','/assets/images/index/avatar-red2.png','','',1,NULL,NULL,'106.122.68.1','','2020-05-10 09:27:05',1,'offline'),(202,'5eb8044e','游客5eb8044e','35656238303434652f31','/assets/images/index/avatar-red2.png','','',1,NULL,NULL,'39.144.21.204','','2020-05-10 13:43:32',1,'offline'),(203,'5eb8155c','游客5eb8155c','35656238313535632f31','/assets/images/index/avatar-red2.png','','',2,NULL,NULL,'113.78.104.14','','2020-05-10 15:12:30',1,'offline'),(204,'5eb8bd82','游客5eb8bd82','35656238626438322f31','/assets/images/index/avatar-red2.png','','',1,NULL,NULL,'113.70.100.178','','2020-05-11 02:59:19',1,'offline'),(205,'5eb8c570','游客5eb8c570','35656238633537302f31','/assets/images/index/avatar-red2.png','','',2,NULL,NULL,'14.220.114.196','','2020-05-11 04:04:22',1,'offline'),(206,'5eb8fc9d','游客5eb8fc9d','35656238666339642f31','/assets/images/index/avatar-red2.png','','',4,NULL,NULL,'219.143.130.111','','2020-05-13 09:55:33',1,'offline'),(207,'5eb8fdb8','游客5eb8fdb8','35656238666462382f31','/assets/images/index/avatar-red2.png','','',1,NULL,NULL,'219.143.130.111','','2020-05-11 07:30:40',1,'offline'),(208,'5eb8ff57','游客5eb8ff57','35656238666635372f31','/assets/images/index/avatar-red2.png','','',1,NULL,NULL,'219.143.130.111','','2020-05-11 10:46:54',1,'offline'),(209,'5eb90c3c','游客5eb90c3c','35656239306333632f36','/assets/images/index/avatar-red2.png','','',1,NULL,NULL,'1.27.50.108','','2020-05-11 08:28:06',6,'offline'),(210,'45815','游客45815','34353831352f31','/assets/images/index/avatar-red2.png','','',1,NULL,NULL,'219.143.130.111','http://localhost/','2020-05-12 00:43:08',1,'offline'),(211,'5eb98747','游客5eb98747','35656239383734372f31','/assets/images/index/avatar-red2.png','','',1,NULL,NULL,'49.7.4.110','http://kefu.liyunwangluo.com/index/index/home?visiter_id=&amp;amp;visiter_name=&amp;amp;avatar=&amp;amp;business_id=1&amp;amp;groupid=0&amp;amp;special=1','2020-05-11 17:13:08',1,'offline'),(212,'j1A92','游客j1A92','6a314139322f31','/assets/images/index/avatar-red2.png','','',25,NULL,NULL,'219.143.130.111','http://localhost/','2020-05-13 09:57:12',1,'offline'),(213,'5l407','游客5l407','356c3430372f31','/assets/images/index/avatar-red2.png','','',1,NULL,NULL,'219.143.130.111','http://localhost/','2020-05-12 09:58:16',1,'offline'),(214,'5eba3da8','游客5eba3da8','35656261336461382f31','/assets/images/index/avatar-red2.png','','',1,NULL,NULL,'114.103.70.173','','2020-05-12 06:23:55',1,'offline'),(215,'552C1','游客552C1','35353243312f31','/assets/images/index/avatar-red2.png','','',4,NULL,NULL,'219.143.130.111','http://localhost/','2020-05-12 08:57:49',1,'offline'),(216,'5eba7927','游客5eba7927','35656261373932372f36','/assets/images/index/avatar-red2.png','','',1,NULL,NULL,'153.0.4.161','','2020-05-12 10:23:56',6,'offline'),(217,'5eba8a84','游客5eba8a84','35656261386138342f36','/assets/images/index/avatar-red2.png','','',2,NULL,NULL,'39.168.82.148','','2020-05-12 11:42:42',6,'offline'),(218,'6e9h7','游客6e9h7','36653968372f31','/assets/images/index/avatar-red2.png','','',1,NULL,NULL,'219.143.130.111','http://localhost/','2020-05-14 00:56:37',1,'offline'),(219,'5ebbc790','游客5ebbc790','35656262633739302f31','/assets/images/index/avatar-red2.png','','',2,NULL,NULL,'222.87.163.38','','2020-05-14 02:54:07',1,'offline'),(220,'5ebbcdcc','游客5ebbcdcc','35656262636463632f31','/assets/images/index/avatar-red2.png','','',5,NULL,NULL,'222.87.163.38','','2020-05-14 03:01:30',1,'offline'),(221,'5ebbdc37','游客5ebbdc37','35656262646333372f31','/assets/images/index/avatar-red2.png','','',3,NULL,NULL,'171.104.118.154','','2020-05-13 12:21:45',1,'offline'),(222,'5ebbfd9c','游客5ebbfd9c','35656262666439632f36','/assets/images/index/avatar-red2.png','','',1,NULL,NULL,'223.104.22.193','','2020-05-13 14:01:34',6,'offline'),(223,'5ebc1621','游客5ebc1621','35656263313632312f36','/assets/images/index/avatar-red2.png','','',2,NULL,NULL,'223.104.22.223','','2020-05-14 07:56:22',6,'offline'),(224,'5ebc1989','游客5ebc1989','35656263313938392f36','/assets/images/index/avatar-red2.png','','',3,NULL,NULL,'223.104.22.234','','2020-05-14 07:41:19',6,'offline'),(225,'5ebc5623','游客5ebc5623','35656263353632332f36','/assets/images/index/avatar-red2.png','','',2,NULL,NULL,'14.116.144.254','http://kefu.redfjcq.cn/index/index/home?visiter_id=&amp;amp;visiter_name=&amp;amp;avatar=&amp;amp;business_id=6&amp;amp;groupid=0&amp;amp;special=6&amp;amp;_tbScancodeApproach_=scan','2020-05-16 12:32:28',6,'offline'),(226,'5ebce471','游客5ebce471','35656263653437312f31','/assets/images/index/avatar-red2.png','','',3,NULL,NULL,'121.22.98.6','','2020-05-14 06:36:10',1,'offline'),(227,'5ebce48c','游客5ebce48c','35656263653438632f31','/assets/images/index/avatar-red2.png','','',2,NULL,NULL,'223.104.102.205','','2020-05-15 03:20:55',1,'offline'),(228,'5ebd3031','游客5ebd3031','35656264333033312f31','/assets/images/index/avatar-red2.png','','',2,NULL,NULL,'115.171.62.226','','2020-05-14 11:52:39',1,'offline'),(229,'5ebe96d1','游客5ebe96d1','35656265393664312f36','/assets/images/index/avatar-red2.png','','',1,NULL,NULL,'106.127.35.49','','2020-05-15 13:19:32',6,'offline'),(230,'5ebe96f4','游客5ebe96f4','35656265393666342f36','/assets/images/index/avatar-red2.png','','',2,NULL,NULL,'58.33.79.28','','2020-05-15 13:29:05',6,'offline'),(231,'5ebe9baf','游客5ebe9baf','35656265396261662f36','/assets/images/index/avatar-red2.png','','',1,NULL,NULL,'112.96.170.5','','2020-05-15 13:43:15',6,'offline'),(232,'5ebeba19','游客5ebeba19','35656265626131392f31','/assets/images/index/avatar-red2.png','','',1,NULL,NULL,'117.10.124.226','','2020-05-15 15:51:09',1,'offline'),(233,'5ebeba63','游客5ebeba63','35656265626136332f31','/assets/images/index/avatar-red2.png','','',1,NULL,NULL,'117.10.124.226','','2020-05-15 16:39:12',1,'offline'),(234,'5ebf4cad','游客5ebf4cad','35656266346361642f31','/assets/images/index/avatar-red2.png','','',2,NULL,NULL,'117.139.248.161','','2020-05-16 08:14:49',1,'offline'),(235,'5ebf66b1','游客5ebf66b1','35656266363662312f36','/assets/images/index/avatar-red2.png','','',3,NULL,NULL,'223.104.90.67','','2020-05-17 11:59:41',6,'offline'),(236,'5ebf677a','游客5ebf677a','35656266363737612f36','/assets/images/index/avatar-red2.png','','',1,NULL,NULL,'14.116.141.212','http://kefu.redfjcq.cn/index/index/home?visiter_id=&amp;amp;visiter_name=&amp;amp;avatar=&amp;amp;business_id=6&amp;amp;groupid=0&amp;amp;special=6&amp;amp;_tbScancodeApproach_=photo','2020-05-16 04:10:20',6,'offline'),(237,'5ebf9adc','游客5ebf9adc','35656266396164632f36','/assets/images/index/avatar-red2.png','','',1,NULL,NULL,'223.104.90.245','','2020-05-16 07:48:44',6,'offline'),(238,'5ebfd92f','游客5ebfd92f','35656266643932662f36','/assets/images/index/avatar-red2.png','','',2,NULL,NULL,'171.107.25.48','','2020-05-16 12:21:25',6,'offline'),(239,'5ebfd933','游客5ebfd933','35656266643933332f36','/assets/images/index/avatar-red2.png','','',1,NULL,NULL,'223.104.22.244','','2020-05-16 12:14:49',6,'offline'),(240,'5ec040b9','游客5ec040b9','35656330343062392f31','/assets/images/index/avatar-red2.png','','',1,NULL,NULL,'210.61.207.40','','2020-05-16 19:38:27',1,'offline'),(241,'5ec0fa8f','游客5ec0fa8f','35656330666138662f31','/assets/images/index/avatar-red2.png','','',1,NULL,NULL,'119.36.10.84','','2020-05-17 08:53:08',1,'offline'),(242,'5ec1297a','游客5ec1297a','35656331323937612f31','/assets/images/index/avatar-red2.png','','',2,NULL,NULL,'223.104.22.144','','2020-05-17 12:10:32',1,'offline'),(243,'5ec41335','游客5ec41335','35656334313333352f31','/assets/images/index/avatar-red2.png','','',2,NULL,NULL,'183.2.114.53','','2020-05-19 17:11:19',1,'offline'),(244,'5ec552ab','游客5ec552ab','35656335353261622f31','/assets/images/index/avatar-red2.png','','',1,NULL,NULL,'223.74.119.20','','2020-05-20 18:16:59',1,'offline');
/*!40000 ALTER TABLE `wolive_visiter` ENABLE KEYS */;
UNLOCK TABLES;

--
-- Table structure for table `wolive_visiter_vgroup`
--

DROP TABLE IF EXISTS `wolive_visiter_vgroup`;
/*!40101 SET @saved_cs_client     = @@character_set_client */;
/*!40101 SET character_set_client = utf8 */;
CREATE TABLE `wolive_visiter_vgroup` (
  `vid` int(11) NOT NULL,
  `business_id` int(11) NOT NULL DEFAULT '0',
  `service_id` int(11) NOT NULL DEFAULT '0',
  `group_id` int(11) NOT NULL DEFAULT '0',
  `create_time` timestamp NOT NULL DEFAULT CURRENT_TIMESTAMP ON UPDATE CURRENT_TIMESTAMP,
  PRIMARY KEY (`vid`,`group_id`)
) ENGINE=InnoDB DEFAULT CHARSET=utf8;
/*!40101 SET character_set_client = @saved_cs_client */;

--
-- Dumping data for table `wolive_visiter_vgroup`
--

LOCK TABLES `wolive_visiter_vgroup` WRITE;
/*!40000 ALTER TABLE `wolive_visiter_vgroup` DISABLE KEYS */;
INSERT INTO `wolive_visiter_vgroup` VALUES (210,1,1,1,'2020-05-11 08:42:56');
/*!40000 ALTER TABLE `wolive_visiter_vgroup` ENABLE KEYS */;
UNLOCK TABLES;

--
-- Table structure for table `wolive_wechat_platform`
--

DROP TABLE IF EXISTS `wolive_wechat_platform`;
/*!40101 SET @saved_cs_client     = @@character_set_client */;
/*!40101 SET character_set_client = utf8 */;
CREATE TABLE `wolive_wechat_platform` (
  `id` int(11) NOT NULL AUTO_INCREMENT,
  `business_id` int(11) NOT NULL DEFAULT '0' COMMENT '客服系统id',
  `app_id` varchar(255) NOT NULL COMMENT '公众号appid',
  `app_secret` varchar(255) NOT NULL COMMENT '公众号appsecret',
  `visitor_tpl` varchar(255) NOT NULL DEFAULT '' COMMENT '新访客模板消息',
  `msg_tpl` varchar(255) NOT NULL DEFAULT '' COMMENT '新消息提示模板消息',
  `customer_tpl` varchar(255) NOT NULL DEFAULT '' COMMENT '访客模板消息',
  `desc` varchar(255) NOT NULL COMMENT '公共号说明、备注',
  `addtime` int(11) NOT NULL DEFAULT '0',
  `is_delete` smallint(1) NOT NULL DEFAULT '0',
  PRIMARY KEY (`id`),
  UNIQUE KEY `business_id` (`business_id`)
) ENGINE=InnoDB DEFAULT CHARSET=utf8 COMMENT='微信公众号';
/*!40101 SET character_set_client = @saved_cs_client */;

--
-- Dumping data for table `wolive_wechat_platform`
--

LOCK TABLES `wolive_wechat_platform` WRITE;
/*!40000 ALTER TABLE `wolive_wechat_platform` DISABLE KEYS */;
/*!40000 ALTER TABLE `wolive_wechat_platform` ENABLE KEYS */;
UNLOCK TABLES;

--
-- Table structure for table `wolive_weixin`
--

DROP TABLE IF EXISTS `wolive_weixin`;
/*!40101 SET @saved_cs_client     = @@character_set_client */;
/*!40101 SET character_set_client = utf8 */;
CREATE TABLE `wolive_weixin` (
  `wid` int(11) NOT NULL AUTO_INCREMENT,
  `service_id` int(11) NOT NULL COMMENT '客服id',
  `open_id` varchar(255) NOT NULL COMMENT '微信用户id',
  PRIMARY KEY (`wid`),
  KEY `service_id` (`service_id`)
) ENGINE=InnoDB DEFAULT CHARSET=utf8;
/*!40101 SET character_set_client = @saved_cs_client */;

--
-- Dumping data for table `wolive_weixin`
--

LOCK TABLES `wolive_weixin` WRITE;
/*!40000 ALTER TABLE `wolive_weixin` DISABLE KEYS */;
/*!40000 ALTER TABLE `wolive_weixin` ENABLE KEYS */;
UNLOCK TABLES;
/*!40103 SET TIME_ZONE=@OLD_TIME_ZONE */;

/*!40101 SET SQL_MODE=@OLD_SQL_MODE */;
/*!40014 SET FOREIGN_KEY_CHECKS=@OLD_FOREIGN_KEY_CHECKS */;
/*!40014 SET UNIQUE_CHECKS=@OLD_UNIQUE_CHECKS */;
/*!40101 SET CHARACTER_SET_CLIENT=@OLD_CHARACTER_SET_CLIENT */;
/*!40101 SET CHARACTER_SET_RESULTS=@OLD_CHARACTER_SET_RESULTS */;
/*!40101 SET COLLATION_CONNECTION=@OLD_COLLATION_CONNECTION */;
/*!40111 SET SQL_NOTES=@OLD_SQL_NOTES */;

-- Dump completed on 2020-05-22  0:00:29
